YEAR,MONTH,DAY,Crime,Bins
2004,1,1,149.0,5
2004,1,2,93.0,3
2004,1,3,116.0,4
2004,1,4,128.0,5
2004,1,5,121.0,4
2004,1,6,99.0,3
2004,1,7,118.0,4
2004,1,8,108.0,4
2004,1,9,160.0,6
2004,1,10,169.0,6
2004,1,11,110.0,4
2004,1,12,123.0,4
2004,1,13,104.0,4
2004,1,14,98.0,3
2004,1,15,130.0,5
2004,1,16,129.0,5
2004,1,17,131.0,5
2004,1,18,126.0,5
2004,1,19,108.0,4
2004,1,20,119.0,4
2004,1,21,80.0,3
2004,1,22,98.0,3
2004,1,23,108.0,4
2004,1,24,136.0,5
2004,1,25,127.0,5
2004,1,26,121.0,4
2004,1,27,146.0,5
2004,1,28,136.0,5
2004,1,29,105.0,4
2004,1,30,126.0,5
2004,1,31,145.0,5
2004,2,1,139.0,5
2004,2,2,154.0,6
2004,2,3,107.0,4
2004,2,4,117.0,4
2004,2,5,127.0,5
2004,2,6,132.0,5
2004,2,7,139.0,5
2004,2,8,133.0,5
2004,2,9,136.0,5
2004,2,10,111.0,4
2004,2,11,123.0,4
2004,2,12,117.0,4
2004,2,13,134.0,5
2004,2,14,133.0,5
2004,2,15,120.0,4
2004,2,16,137.0,5
2004,2,17,139.0,5
2004,2,18,138.0,5
2004,2,19,128.0,5
2004,2,20,153.0,6
2004,2,21,119.0,4
2004,2,22,144.0,5
2004,2,23,113.0,4
2004,2,24,120.0,4
2004,2,25,100.0,4
2004,2,26,102.0,4
2004,2,27,144.0,5
2004,2,28,124.0,4
2004,2,29,114.0,4
2004,3,1,142.0,5
2004,3,2,110.0,4
2004,3,3,112.0,4
2004,3,4,111.0,4
2004,3,5,167.0,6
2004,3,6,140.0,5
2004,3,7,122.0,4
2004,3,8,177.0,7
2004,3,9,128.0,5
2004,3,10,142.0,5
2004,3,11,153.0,6
2004,3,12,163.0,6
2004,3,13,138.0,5
2004,3,14,132.0,5
2004,3,15,137.0,5
2004,3,16,133.0,5
2004,3,17,128.0,5
2004,3,18,114.0,4
2004,3,19,162.0,6
2004,3,20,157.0,6
2004,3,21,121.0,4
2004,3,22,180.0,7
2004,3,23,129.0,5
2004,3,24,83.0,3
2004,3,25,101.0,4
2004,3,26,137.0,5
2004,3,27,144.0,5
2004,3,28,137.0,5
2004,3,29,148.0,5
2004,3,30,142.0,5
2004,3,31,164.0,6
2004,4,1,145.0,5
2004,4,2,144.0,5
2004,4,3,145.0,5
2004,4,4,130.0,5
2004,4,5,122.0,4
2004,4,6,134.0,5
2004,4,7,149.0,5
2004,4,8,126.0,5
2004,4,9,170.0,6
2004,4,10,190.0,7
2004,4,11,144.0,5
2004,4,12,154.0,6
2004,4,13,148.0,5
2004,4,14,157.0,6
2004,4,15,145.0,5
2004,4,16,144.0,5
2004,4,17,153.0,6
2004,4,18,121.0,4
2004,4,19,142.0,5
2004,4,20,123.0,4
2004,4,21,151.0,6
2004,4,22,104.0,4
2004,4,23,132.0,5
2004,4,24,149.0,5
2004,4,25,141.0,5
2004,4,26,130.0,5
2004,4,27,106.0,4
2004,4,28,104.0,4
2004,4,29,97.0,3
2004,4,30,116.0,4
2004,5,1,154.0,6
2004,5,2,108.0,4
2004,5,3,119.0,4
2004,5,4,117.0,4
2004,5,5,129.0,5
2004,5,6,150.0,6
2004,5,7,155.0,6
2004,5,8,180.0,7
2004,5,9,172.0,6
2004,5,10,158.0,6
2004,5,11,112.0,4
2004,5,12,154.0,6
2004,5,13,126.0,5
2004,5,14,142.0,5
2004,5,15,162.0,6
2004,5,16,122.0,4
2004,5,17,128.0,5
2004,5,18,141.0,5
2004,5,19,147.0,5
2004,5,20,146.0,5
2004,5,21,130.0,5
2004,5,22,124.0,4
2004,5,23,109.0,4
2004,5,24,113.0,4
2004,5,25,76.0,3
2004,5,26,90.0,3
2004,5,27,106.0,4
2004,5,28,129.0,5
2004,5,29,109.0,4
2004,5,30,125.0,5
2004,5,31,109.0,4
2004,6,1,114.0,4
2004,6,2,126.0,5
2004,6,3,126.0,5
2004,6,4,120.0,4
2004,6,5,133.0,5
2004,6,6,128.0,5
2004,6,7,143.0,5
2004,6,8,135.0,5
2004,6,9,149.0,5
2004,6,10,116.0,4
2004,6,11,172.0,6
2004,6,12,146.0,5
2004,6,13,127.0,5
2004,6,14,129.0,5
2004,6,15,132.0,5
2004,6,16,126.0,5
2004,6,17,115.0,4
2004,6,18,134.0,5
2004,6,19,115.0,4
2004,6,20,147.0,5
2004,6,21,122.0,4
2004,6,22,111.0,4
2004,6,23,97.0,3
2004,6,24,103.0,4
2004,6,25,150.0,6
2004,6,26,135.0,5
2004,6,27,128.0,5
2004,6,28,137.0,5
2004,6,29,113.0,4
2004,6,30,133.0,5
2004,7,1,142.0,5
2004,7,2,128.0,5
2004,7,3,121.0,4
2004,7,4,148.0,5
2004,7,5,139.0,5
2004,7,6,129.0,5
2004,7,7,146.0,5
2004,7,8,117.0,4
2004,7,9,130.0,5
2004,7,10,120.0,4
2004,7,11,126.0,5
2004,7,12,139.0,5
2004,7,13,110.0,4
2004,7,14,113.0,4
2004,7,15,123.0,4
2004,7,16,145.0,5
2004,7,17,131.0,5
2004,7,18,133.0,5
2004,7,19,106.0,4
2004,7,20,129.0,5
2004,7,21,115.0,4
2004,7,22,133.0,5
2004,7,23,126.0,5
2004,7,24,126.0,5
2004,7,25,124.0,4
2004,7,26,107.0,4
2004,7,27,121.0,4
2004,7,28,110.0,4
2004,7,29,106.0,4
2004,7,30,142.0,5
2004,7,31,163.0,6
2004,8,1,121.0,4
2004,8,2,143.0,5
2004,8,3,142.0,5
2004,8,4,158.0,6
2004,8,5,124.0,4
2004,8,6,165.0,6
2004,8,7,168.0,6
2004,8,8,146.0,5
2004,8,9,124.0,4
2004,8,10,161.0,6
2004,8,11,127.0,5
2004,8,12,129.0,5
2004,8,13,153.0,6
2004,8,14,159.0,6
2004,8,15,142.0,5
2004,8,16,150.0,6
2004,8,17,142.0,5
2004,8,18,130.0,5
2004,8,19,161.0,6
2004,8,20,124.0,4
2004,8,21,170.0,6
2004,8,22,134.0,5
2004,8,23,154.0,6
2004,8,24,120.0,4
2004,8,25,88.0,3
2004,8,26,124.0,4
2004,8,27,126.0,5
2004,8,28,134.0,5
2004,8,29,172.0,6
2004,8,30,146.0,5
2004,8,31,135.0,5
2004,9,1,188.0,7
2004,9,2,122.0,4
2004,9,3,156.0,6
2004,9,4,146.0,5
2004,9,5,172.0,6
2004,9,6,143.0,5
2004,9,7,132.0,5
2004,9,8,137.0,5
2004,9,9,134.0,5
2004,9,10,138.0,5
2004,9,11,172.0,6
2004,9,12,157.0,6
2004,9,13,170.0,6
2004,9,14,163.0,6
2004,9,15,176.0,7
2004,9,16,158.0,6
2004,9,17,176.0,7
2004,9,18,182.0,7
2004,9,19,156.0,6
2004,9,20,155.0,6
2004,9,21,139.0,5
2004,9,22,134.0,5
2004,9,23,133.0,5
2004,9,24,169.0,6
2004,9,25,162.0,6
2004,9,26,139.0,5
2004,9,27,136.0,5
2004,9,28,144.0,5
2004,9,29,131.0,5
2004,9,30,124.0,4
2004,10,1,156.0,6
2004,10,2,164.0,6
2004,10,3,158.0,6
2004,10,4,121.0,4
2004,10,5,145.0,5
2004,10,6,126.0,5
2004,10,7,134.0,5
2004,10,8,165.0,6
2004,10,9,169.0,6
2004,10,10,114.0,4
2004,10,11,151.0,6
2004,10,12,136.0,5
2004,10,13,151.0,6
2004,10,14,164.0,6
2004,10,15,155.0,6
2004,10,16,168.0,6
2004,10,17,156.0,6
2004,10,18,152.0,6
2004,10,19,151.0,6
2004,10,20,160.0,6
2004,10,21,136.0,5
2004,10,22,152.0,6
2004,10,23,169.0,6
2004,10,24,123.0,4
2004,10,25,130.0,5
2004,10,26,120.0,4
2004,10,27,80.0,3
2004,10,28,110.0,4
2004,10,29,145.0,5
2004,10,30,135.0,5
2004,10,31,183.0,7
2004,11,1,159.0,6
2004,11,2,143.0,5
2004,11,3,163.0,6
2004,11,4,143.0,5
2004,11,5,148.0,5
2004,11,6,132.0,5
2004,11,7,118.0,4
2004,11,8,161.0,6
2004,11,9,130.0,5
2004,11,10,167.0,6
2004,11,11,160.0,6
2004,11,12,195.0,7
2004,11,13,164.0,6
2004,11,14,178.0,7
2004,11,15,141.0,5
2004,11,16,166.0,6
2004,11,17,139.0,5
2004,11,18,133.0,5
2004,11,19,161.0,6
2004,11,20,144.0,5
2004,11,21,133.0,5
2004,11,22,136.0,5
2004,11,23,122.0,4
2004,11,24,93.0,3
2004,11,25,95.0,3
2004,11,26,118.0,4
2004,11,27,135.0,5
2004,11,28,126.0,5
2004,11,29,114.0,4
2004,11,30,102.0,4
2004,12,1,146.0,5
2004,12,2,149.0,5
2004,12,3,136.0,5
2004,12,4,153.0,6
2004,12,5,152.0,6
2004,12,6,150.0,6
2004,12,7,149.0,5
2004,12,8,109.0,4
2004,12,9,125.0,5
2004,12,10,122.0,4
2004,12,11,139.0,5
2004,12,12,115.0,4
2004,12,13,144.0,5
2004,12,14,115.0,4
2004,12,15,122.0,4
2004,12,16,113.0,4
2004,12,17,133.0,5
2004,12,18,126.0,5
2004,12,19,125.0,5
2004,12,20,138.0,5
2004,12,21,117.0,4
2004,12,22,97.0,3
2004,12,23,124.0,4
2004,12,24,113.0,4
2004,12,25,99.0,3
2004,12,26,113.0,4
2004,12,27,111.0,4
2004,12,28,149.0,5
2004,12,29,128.0,5
2004,12,30,118.0,4
2004,12,31,149.0,5
2005,1,1,182.0,7
2005,1,2,126.0,5
2005,1,3,118.0,4
2005,1,4,105.0,4
2005,1,5,150.0,6
2005,1,6,115.0,4
2005,1,7,129.0,5
2005,1,8,145.0,5
2005,1,9,110.0,4
2005,1,10,100.0,4
2005,1,11,108.0,4
2005,1,12,110.0,4
2005,1,13,124.0,4
2005,1,14,114.0,4
2005,1,15,168.0,6
2005,1,16,100.0,4
2005,1,17,122.0,4
2005,1,18,114.0,4
2005,1,19,101.0,4
2005,1,20,99.0,3
2005,1,21,126.0,5
2005,1,22,122.0,4
2005,1,23,123.0,4
2005,1,24,147.0,5
2005,1,25,122.0,4
2005,1,26,119.0,4
2005,1,27,138.0,5
2005,1,28,131.0,5
2005,1,29,136.0,5
2005,1,30,127.0,5
2005,1,31,118.0,4
2005,2,1,134.0,5
2005,2,2,132.0,5
2005,2,3,127.0,5
2005,2,4,141.0,5
2005,2,5,97.0,3
2005,2,6,105.0,4
2005,2,7,128.0,5
2005,2,8,113.0,4
2005,2,9,113.0,4
2005,2,10,124.0,4
2005,2,11,140.0,5
2005,2,12,142.0,5
2005,2,13,142.0,5
2005,2,14,128.0,5
2005,2,15,124.0,4
2005,2,16,126.0,5
2005,2,17,125.0,5
2005,2,18,115.0,4
2005,2,19,147.0,5
2005,2,20,126.0,5
2005,2,21,119.0,4
2005,2,22,143.0,5
2005,2,23,83.0,3
2005,2,24,100.0,4
2005,2,25,115.0,4
2005,2,26,121.0,4
2005,2,27,96.0,3
2005,2,28,120.0,4
2005,3,1,111.0,4
2005,3,2,122.0,4
2005,3,3,110.0,4
2005,3,4,140.0,5
2005,3,5,125.0,5
2005,3,6,101.0,4
2005,3,7,111.0,4
2005,3,8,134.0,5
2005,3,9,133.0,5
2005,3,10,94.0,3
2005,3,11,122.0,4
2005,3,12,154.0,6
2005,3,13,117.0,4
2005,3,14,126.0,5
2005,3,15,142.0,5
2005,3,16,123.0,4
2005,3,17,160.0,6
2005,3,18,161.0,6
2005,3,19,125.0,5
2005,3,20,121.0,4
2005,3,21,98.0,3
2005,3,22,102.0,4
2005,3,23,95.0,3
2005,3,24,115.0,4
2005,3,25,130.0,5
2005,3,26,140.0,5
2005,3,27,111.0,4
2005,3,28,123.0,4
2005,3,29,126.0,5
2005,3,30,126.0,5
2005,3,31,137.0,5
2005,4,1,164.0,6
2005,4,2,166.0,6
2005,4,3,147.0,5
2005,4,4,160.0,6
2005,4,5,122.0,4
2005,4,6,107.0,4
2005,4,7,99.0,3
2005,4,8,172.0,6
2005,4,9,148.0,5
2005,4,10,130.0,5
2005,4,11,128.0,5
2005,4,12,126.0,5
2005,4,13,151.0,6
2005,4,14,125.0,5
2005,4,15,138.0,5
2005,4,16,116.0,4
2005,4,17,112.0,4
2005,4,18,127.0,5
2005,4,19,114.0,4
2005,4,20,117.0,4
2005,4,21,118.0,4
2005,4,22,128.0,5
2005,4,23,135.0,5
2005,4,24,92.0,3
2005,4,25,102.0,4
2005,4,26,134.0,5
2005,4,27,92.0,3
2005,4,28,111.0,4
2005,4,29,108.0,4
2005,4,30,117.0,4
2005,5,1,121.0,4
2005,5,2,95.0,3
2005,5,3,104.0,4
2005,5,4,115.0,4
2005,5,5,117.0,4
2005,5,6,137.0,5
2005,5,7,139.0,5
2005,5,8,111.0,4
2005,5,9,117.0,4
2005,5,10,112.0,4
2005,5,11,148.0,5
2005,5,12,131.0,5
2005,5,13,140.0,5
2005,5,14,164.0,6
2005,5,15,145.0,5
2005,5,16,131.0,5
2005,5,17,142.0,5
2005,5,18,130.0,5
2005,5,19,128.0,5
2005,5,20,167.0,6
2005,5,21,165.0,6
2005,5,22,136.0,5
2005,5,23,108.0,4
2005,5,24,135.0,5
2005,5,25,85.0,3
2005,5,26,94.0,3
2005,5,27,129.0,5
2005,5,28,154.0,6
2005,5,29,112.0,4
2005,5,30,109.0,4
2005,5,31,129.0,5
2005,6,1,124.0,4
2005,6,2,126.0,5
2005,6,3,121.0,4
2005,6,4,121.0,4
2005,6,5,138.0,5
2005,6,6,105.0,4
2005,6,7,105.0,4
2005,6,8,116.0,4
2005,6,9,131.0,5
2005,6,10,135.0,5
2005,6,11,132.0,5
2005,6,12,148.0,5
2005,6,13,124.0,4
2005,6,14,108.0,4
2005,6,15,130.0,5
2005,6,16,106.0,4
2005,6,17,147.0,5
2005,6,18,135.0,5
2005,6,19,120.0,4
2005,6,20,128.0,5
2005,6,21,115.0,4
2005,6,22,111.0,4
2005,6,23,129.0,5
2005,6,24,133.0,5
2005,6,25,139.0,5
2005,6,26,117.0,4
2005,6,27,118.0,4
2005,6,28,140.0,5
2005,6,29,123.0,4
2005,6,30,122.0,4
2005,7,1,145.0,5
2005,7,2,118.0,4
2005,7,3,139.0,5
2005,7,4,82.0,3
2005,7,5,142.0,5
2005,7,6,118.0,4
2005,7,7,121.0,4
2005,7,8,126.0,5
2005,7,9,136.0,5
2005,7,10,120.0,4
2005,7,11,124.0,4
2005,7,12,110.0,4
2005,7,13,124.0,4
2005,7,14,132.0,5
2005,7,15,135.0,5
2005,7,16,132.0,5
2005,7,17,100.0,4
2005,7,18,113.0,4
2005,7,19,110.0,4
2005,7,20,96.0,3
2005,7,21,121.0,4
2005,7,22,128.0,5
2005,7,23,108.0,4
2005,7,24,131.0,5
2005,7,25,111.0,4
2005,7,26,120.0,4
2005,7,27,112.0,4
2005,7,28,115.0,4
2005,7,29,111.0,4
2005,7,30,107.0,4
2005,7,31,96.0,3
2005,8,1,136.0,5
2005,8,2,120.0,4
2005,8,3,129.0,5
2005,8,4,110.0,4
2005,8,5,125.0,5
2005,8,6,149.0,5
2005,8,7,126.0,5
2005,8,8,153.0,6
2005,8,9,121.0,4
2005,8,10,161.0,6
2005,8,11,124.0,4
2005,8,12,143.0,5
2005,8,13,137.0,5
2005,8,14,124.0,4
2005,8,15,135.0,5
2005,8,16,118.0,4
2005,8,17,116.0,4
2005,8,18,125.0,5
2005,8,19,121.0,4
2005,8,20,136.0,5
2005,8,21,102.0,4
2005,8,22,115.0,4
2005,8,23,102.0,4
2005,8,24,101.0,4
2005,8,25,103.0,4
2005,8,26,134.0,5
2005,8,27,153.0,6
2005,8,28,107.0,4
2005,8,29,121.0,4
2005,8,30,114.0,4
2005,8,31,101.0,4
2005,9,1,129.0,5
2005,9,2,126.0,5
2005,9,3,136.0,5
2005,9,4,128.0,5
2005,9,5,116.0,4
2005,9,6,120.0,4
2005,9,7,127.0,5
2005,9,8,119.0,4
2005,9,9,134.0,5
2005,9,10,135.0,5
2005,9,11,117.0,4
2005,9,12,110.0,4
2005,9,13,113.0,4
2005,9,14,107.0,4
2005,9,15,111.0,4
2005,9,16,153.0,6
2005,9,17,143.0,5
2005,9,18,127.0,5
2005,9,19,144.0,5
2005,9,20,109.0,4
2005,9,21,121.0,4
2005,9,22,108.0,4
2005,9,23,128.0,5
2005,9,24,118.0,4
2005,9,25,124.0,4
2005,9,26,130.0,5
2005,9,27,130.0,5
2005,9,28,97.0,3
2005,9,29,123.0,4
2005,9,30,108.0,4
2005,10,1,136.0,5
2005,10,2,113.0,4
2005,10,3,121.0,4
2005,10,4,108.0,4
2005,10,5,114.0,4
2005,10,6,123.0,4
2005,10,7,143.0,5
2005,10,8,122.0,4
2005,10,9,104.0,4
2005,10,10,108.0,4
2005,10,11,105.0,4
2005,10,12,142.0,5
2005,10,13,115.0,4
2005,10,14,117.0,4
2005,10,15,152.0,6
2005,10,16,123.0,4
2005,10,17,105.0,4
2005,10,18,99.0,3
2005,10,19,106.0,4
2005,10,20,112.0,4
2005,10,21,149.0,5
2005,10,22,121.0,4
2005,10,23,104.0,4
2005,10,24,124.0,4
2005,10,25,121.0,4
2005,10,26,85.0,3
2005,10,27,102.0,4
2005,10,28,135.0,5
2005,10,29,123.0,4
2005,10,30,114.0,4
2005,10,31,146.0,5
2005,11,1,123.0,4
2005,11,2,116.0,4
2005,11,3,116.0,4
2005,11,4,109.0,4
2005,11,5,139.0,5
2005,11,6,107.0,4
2005,11,7,129.0,5
2005,11,8,115.0,4
2005,11,9,116.0,4
2005,11,10,133.0,5
2005,11,11,143.0,5
2005,11,12,125.0,5
2005,11,13,115.0,4
2005,11,14,103.0,4
2005,11,15,142.0,5
2005,11,16,125.0,5
2005,11,17,124.0,4
2005,11,18,148.0,5
2005,11,19,115.0,4
2005,11,20,114.0,4
2005,11,21,103.0,4
2005,11,22,108.0,4
2005,11,23,123.0,4
2005,11,24,103.0,4
2005,11,25,112.0,4
2005,11,26,95.0,3
2005,11,27,135.0,5
2005,11,28,99.0,3
2005,11,29,116.0,4
2005,11,30,104.0,4
2005,12,1,99.0,3
2005,12,2,132.0,5
2005,12,3,127.0,5
2005,12,4,106.0,4
2005,12,5,111.0,4
2005,12,6,114.0,4
2005,12,7,109.0,4
2005,12,8,127.0,5
2005,12,9,120.0,4
2005,12,10,134.0,5
2005,12,11,98.0,3
2005,12,12,107.0,4
2005,12,13,131.0,5
2005,12,14,107.0,4
2005,12,15,116.0,4
2005,12,16,129.0,5
2005,12,17,111.0,4
2005,12,18,111.0,4
2005,12,19,113.0,4
2005,12,20,141.0,5
2005,12,21,86.0,3
2005,12,22,97.0,3
2005,12,23,116.0,4
2005,12,24,118.0,4
2005,12,25,76.0,3
2005,12,26,112.0,4
2005,12,27,107.0,4
2005,12,28,98.0,3
2005,12,29,127.0,5
2005,12,30,150.0,6
2005,12,31,138.0,5
2006,1,1,176.0,7
2006,1,2,94.0,3
2006,1,3,98.0,3
2006,1,4,109.0,4
2006,1,5,124.0,4
2006,1,6,152.0,6
2006,1,7,183.0,7
2006,1,8,148.0,5
2006,1,9,138.0,5
2006,1,10,132.0,5
2006,1,11,119.0,4
2006,1,12,119.0,4
2006,1,13,142.0,5
2006,1,14,140.0,5
2006,1,15,141.0,5
2006,1,16,113.0,4
2006,1,17,137.0,5
2006,1,18,130.0,5
2006,1,19,106.0,4
2006,1,20,126.0,5
2006,1,21,135.0,5
2006,1,22,104.0,4
2006,1,23,139.0,5
2006,1,24,97.0,3
2006,1,25,99.0,3
2006,1,26,113.0,4
2006,1,27,122.0,4
2006,1,28,121.0,4
2006,1,29,133.0,5
2006,1,30,111.0,4
2006,1,31,114.0,4
2006,2,1,127.0,5
2006,2,2,147.0,5
2006,2,3,167.0,6
2006,2,4,124.0,4
2006,2,5,129.0,5
2006,2,6,90.0,3
2006,2,7,135.0,5
2006,2,8,128.0,5
2006,2,9,119.0,4
2006,2,10,147.0,5
2006,2,11,127.0,5
2006,2,12,124.0,4
2006,2,13,94.0,3
2006,2,14,123.0,4
2006,2,15,132.0,5
2006,2,16,102.0,4
2006,2,17,103.0,4
2006,2,18,117.0,4
2006,2,19,122.0,4
2006,2,20,90.0,3
2006,2,21,90.0,3
2006,2,22,85.0,3
2006,2,23,84.0,3
2006,2,24,127.0,5
2006,2,25,120.0,4
2006,2,26,115.0,4
2006,2,27,91.0,3
2006,2,28,103.0,4
2006,3,1,143.0,5
2006,3,2,111.0,4
2006,3,3,117.0,4
2006,3,4,130.0,5
2006,3,5,126.0,5
2006,3,6,104.0,4
2006,3,7,136.0,5
2006,3,8,109.0,4
2006,3,9,133.0,5
2006,3,10,153.0,6
2006,3,11,123.0,4
2006,3,12,147.0,5
2006,3,13,140.0,5
2006,3,14,125.0,5
2006,3,15,95.0,3
2006,3,16,120.0,4
2006,3,17,127.0,5
2006,3,18,118.0,4
2006,3,19,125.0,5
2006,3,20,108.0,4
2006,3,21,109.0,4
2006,3,22,129.0,5
2006,3,23,115.0,4
2006,3,24,132.0,5
2006,3,25,123.0,4
2006,3,26,136.0,5
2006,3,27,99.0,3
2006,3,28,86.0,3
2006,3,29,77.0,3
2006,3,30,78.0,3
2006,3,31,115.0,4
2006,4,1,119.0,4
2006,4,2,98.0,3
2006,4,3,118.0,4
2006,4,4,98.0,3
2006,4,5,85.0,3
2006,4,6,99.0,3
2006,4,7,111.0,4
2006,4,8,133.0,5
2006,4,9,105.0,4
2006,4,10,91.0,3
2006,4,11,95.0,3
2006,4,12,98.0,3
2006,4,13,106.0,4
2006,4,14,104.0,4
2006,4,15,109.0,4
2006,4,16,98.0,3
2006,4,17,95.0,3
2006,4,18,89.0,3
2006,4,19,91.0,3
2006,4,20,106.0,4
2006,4,21,101.0,4
2006,4,22,128.0,5
2006,4,23,98.0,3
2006,4,24,124.0,4
2006,4,25,113.0,4
2006,4,26,86.0,3
2006,4,27,85.0,3
2006,4,28,130.0,5
2006,4,29,98.0,3
2006,4,30,126.0,5
2006,5,1,104.0,4
2006,5,2,122.0,4
2006,5,3,115.0,4
2006,5,4,98.0,3
2006,5,5,104.0,4
2006,5,6,133.0,5
2006,5,7,131.0,5
2006,5,8,115.0,4
2006,5,9,105.0,4
2006,5,10,113.0,4
2006,5,11,132.0,5
2006,5,12,87.0,3
2006,5,13,126.0,5
2006,5,14,115.0,4
2006,5,15,122.0,4
2006,5,16,111.0,4
2006,5,17,111.0,4
2006,5,18,97.0,3
2006,5,19,123.0,4
2006,5,20,111.0,4
2006,5,21,101.0,4
2006,5,22,101.0,4
2006,5,23,97.0,3
2006,5,24,92.0,3
2006,5,25,92.0,3
2006,5,26,129.0,5
2006,5,27,123.0,4
2006,5,28,104.0,4
2006,5,29,97.0,3
2006,5,30,113.0,4
2006,5,31,98.0,3
2006,6,1,134.0,5
2006,6,2,133.0,5
2006,6,3,130.0,5
2006,6,4,104.0,4
2006,6,5,108.0,4
2006,6,6,130.0,5
2006,6,7,128.0,5
2006,6,8,112.0,4
2006,6,9,119.0,4
2006,6,10,145.0,5
2006,6,11,126.0,5
2006,6,12,130.0,5
2006,6,13,114.0,4
2006,6,14,148.0,5
2006,6,15,99.0,3
2006,6,16,134.0,5
2006,6,17,116.0,4
2006,6,18,110.0,4
2006,6,19,108.0,4
2006,6,20,135.0,5
2006,6,21,107.0,4
2006,6,22,115.0,4
2006,6,23,137.0,5
2006,6,24,140.0,5
2006,6,25,114.0,4
2006,6,26,113.0,4
2006,6,27,103.0,4
2006,6,28,87.0,3
2006,6,29,91.0,3
2006,6,30,122.0,4
2006,7,1,119.0,4
2006,7,2,128.0,5
2006,7,3,122.0,4
2006,7,4,119.0,4
2006,7,5,111.0,4
2006,7,6,128.0,5
2006,7,7,122.0,4
2006,7,8,108.0,4
2006,7,9,114.0,4
2006,7,10,117.0,4
2006,7,11,100.0,4
2006,7,12,127.0,5
2006,7,13,123.0,4
2006,7,14,122.0,4
2006,7,15,110.0,4
2006,7,16,118.0,4
2006,7,17,105.0,4
2006,7,18,119.0,4
2006,7,19,140.0,5
2006,7,20,112.0,4
2006,7,21,137.0,5
2006,7,22,111.0,4
2006,7,23,127.0,5
2006,7,24,136.0,5
2006,7,25,131.0,5
2006,7,26,101.0,4
2006,7,27,83.0,3
2006,7,28,110.0,4
2006,7,29,127.0,5
2006,7,30,136.0,5
2006,7,31,91.0,3
2006,8,1,127.0,5
2006,8,2,132.0,5
2006,8,3,102.0,4
2006,8,4,114.0,4
2006,8,5,116.0,4
2006,8,6,114.0,4
2006,8,7,103.0,4
2006,8,8,122.0,4
2006,8,9,132.0,5
2006,8,10,118.0,4
2006,8,11,130.0,5
2006,8,12,128.0,5
2006,8,13,133.0,5
2006,8,14,105.0,4
2006,8,15,136.0,5
2006,8,16,113.0,4
2006,8,17,107.0,4
2006,8,18,135.0,5
2006,8,19,111.0,4
2006,8,20,123.0,4
2006,8,21,128.0,5
2006,8,22,96.0,3
2006,8,23,95.0,3
2006,8,24,84.0,3
2006,8,25,117.0,4
2006,8,26,123.0,4
2006,8,27,116.0,4
2006,8,28,131.0,5
2006,8,29,121.0,4
2006,8,30,126.0,5
2006,8,31,120.0,4
2006,9,1,158.0,6
2006,9,2,120.0,4
2006,9,3,123.0,4
2006,9,4,121.0,4
2006,9,5,100.0,4
2006,9,6,129.0,5
2006,9,7,109.0,4
2006,9,8,139.0,5
2006,9,9,131.0,5
2006,9,10,95.0,3
2006,9,11,125.0,5
2006,9,12,134.0,5
2006,9,13,125.0,5
2006,9,14,98.0,3
2006,9,15,139.0,5
2006,9,16,103.0,4
2006,9,17,107.0,4
2006,9,18,111.0,4
2006,9,19,106.0,4
2006,9,20,115.0,4
2006,9,21,113.0,4
2006,9,22,128.0,5
2006,9,23,134.0,5
2006,9,24,116.0,4
2006,9,25,121.0,4
2006,9,26,115.0,4
2006,9,27,70.0,2
2006,9,28,81.0,3
2006,9,29,127.0,5
2006,9,30,131.0,5
2006,10,1,101.0,4
2006,10,2,111.0,4
2006,10,3,94.0,3
2006,10,4,101.0,4
2006,10,5,125.0,5
2006,10,6,144.0,5
2006,10,7,130.0,5
2006,10,8,105.0,4
2006,10,9,119.0,4
2006,10,10,104.0,4
2006,10,11,97.0,3
2006,10,12,111.0,4
2006,10,13,120.0,4
2006,10,14,125.0,5
2006,10,15,120.0,4
2006,10,16,109.0,4
2006,10,17,111.0,4
2006,10,18,140.0,5
2006,10,19,112.0,4
2006,10,20,115.0,4
2006,10,21,142.0,5
2006,10,22,123.0,4
2006,10,23,111.0,4
2006,10,24,96.0,3
2006,10,25,83.0,3
2006,10,26,88.0,3
2006,10,27,114.0,4
2006,10,28,141.0,5
2006,10,29,130.0,5
2006,10,30,133.0,5
2006,10,31,129.0,5
2006,11,1,125.0,5
2006,11,2,105.0,4
2006,11,3,140.0,5
2006,11,4,148.0,5
2006,11,5,112.0,4
2006,11,6,148.0,5
2006,11,7,117.0,4
2006,11,8,133.0,5
2006,11,9,125.0,5
2006,11,10,155.0,6
2006,11,11,129.0,5
2006,11,12,115.0,4
2006,11,13,99.0,3
2006,11,14,121.0,4
2006,11,15,113.0,4
2006,11,16,135.0,5
2006,11,17,128.0,5
2006,11,18,123.0,4
2006,11,19,110.0,4
2006,11,20,128.0,5
2006,11,21,103.0,4
2006,11,22,84.0,3
2006,11,23,91.0,3
2006,11,24,96.0,3
2006,11,25,111.0,4
2006,11,26,75.0,3
2006,11,27,66.0,2
2006,11,28,70.0,2
2006,11,29,59.0,2
2006,11,30,99.0,3
2006,12,1,115.0,4
2006,12,2,108.0,4
2006,12,3,101.0,4
2006,12,4,114.0,4
2006,12,5,88.0,3
2006,12,6,123.0,4
2006,12,7,122.0,4
2006,12,8,131.0,5
2006,12,9,137.0,5
2006,12,10,106.0,4
2006,12,11,155.0,6
2006,12,12,122.0,4
2006,12,13,116.0,4
2006,12,14,123.0,4
2006,12,15,119.0,4
2006,12,16,135.0,5
2006,12,17,125.0,5
2006,12,18,114.0,4
2006,12,19,112.0,4
2006,12,20,95.0,3
2006,12,21,76.0,3
2006,12,22,105.0,4
2006,12,23,118.0,4
2006,12,24,93.0,3
2006,12,25,92.0,3
2006,12,26,101.0,4
2006,12,27,126.0,5
2006,12,28,98.0,3
2006,12,29,99.0,3
2006,12,30,117.0,4
2006,12,31,136.0,5
2007,1,1,158.0,6
2007,1,2,133.0,5
2007,1,3,139.0,5
2007,1,4,109.0,4
2007,1,5,123.0,4
2007,1,6,155.0,6
2007,1,7,119.0,4
2007,1,8,122.0,4
2007,1,9,103.0,4
2007,1,10,85.0,3
2007,1,11,100.0,4
2007,1,12,92.0,3
2007,1,13,100.0,4
2007,1,14,99.0,3
2007,1,15,107.0,4
2007,1,16,96.0,3
2007,1,17,122.0,4
2007,1,18,107.0,4
2007,1,19,136.0,5
2007,1,20,149.0,5
2007,1,21,122.0,4
2007,1,22,118.0,4
2007,1,23,98.0,3
2007,1,24,79.0,3
2007,1,25,77.0,3
2007,1,26,118.0,4
2007,1,27,114.0,4
2007,1,28,120.0,4
2007,1,29,119.0,4
2007,1,30,115.0,4
2007,1,31,117.0,4
2007,2,1,100.0,4
2007,2,2,106.0,4
2007,2,3,121.0,4
2007,2,4,96.0,3
2007,2,5,110.0,4
2007,2,6,114.0,4
2007,2,7,109.0,4
2007,2,8,89.0,3
2007,2,9,122.0,4
2007,2,10,129.0,5
2007,2,11,97.0,3
2007,2,12,101.0,4
2007,2,13,107.0,4
2007,2,14,130.0,5
2007,2,15,125.0,5
2007,2,16,106.0,4
2007,2,17,132.0,5
2007,2,18,96.0,3
2007,2,19,88.0,3
2007,2,20,88.0,3
2007,2,21,57.0,2
2007,2,22,52.0,2
2007,2,23,101.0,4
2007,2,24,112.0,4
2007,2,25,71.0,2
2007,2,26,82.0,3
2007,2,27,66.0,2
2007,2,28,80.0,3
2007,3,1,109.0,4
2007,3,2,118.0,4
2007,3,3,82.0,3
2007,3,4,87.0,3
2007,3,5,92.0,3
2007,3,6,87.0,3
2007,3,7,82.0,3
2007,3,8,78.0,3
2007,3,9,100.0,4
2007,3,10,98.0,3
2007,3,11,98.0,3
2007,3,12,95.0,3
2007,3,13,108.0,4
2007,3,14,91.0,3
2007,3,15,113.0,4
2007,3,16,97.0,3
2007,3,17,114.0,4
2007,3,18,106.0,4
2007,3,19,101.0,4
2007,3,20,111.0,4
2007,3,21,91.0,3
2007,3,22,116.0,4
2007,3,23,112.0,4
2007,3,24,125.0,5
2007,3,25,99.0,3
2007,3,26,86.0,3
2007,3,27,91.0,3
2007,3,28,71.0,2
2007,3,29,69.0,2
2007,3,30,110.0,4
2007,3,31,114.0,4
2007,4,1,122.0,4
2007,4,2,102.0,4
2007,4,3,99.0,3
2007,4,4,118.0,4
2007,4,5,87.0,3
2007,4,6,113.0,4
2007,4,7,115.0,4
2007,4,8,123.0,4
2007,4,9,99.0,3
2007,4,10,98.0,3
2007,4,11,95.0,3
2007,4,12,101.0,4
2007,4,13,92.0,3
2007,4,14,122.0,4
2007,4,15,125.0,5
2007,4,16,106.0,4
2007,4,17,110.0,4
2007,4,18,87.0,3
2007,4,19,123.0,4
2007,4,20,101.0,4
2007,4,21,105.0,4
2007,4,22,101.0,4
2007,4,23,98.0,3
2007,4,24,108.0,4
2007,4,25,70.0,2
2007,4,26,87.0,3
2007,4,27,96.0,3
2007,4,28,86.0,3
2007,4,29,90.0,3
2007,4,30,97.0,3
2007,5,1,110.0,4
2007,5,2,111.0,4
2007,5,3,91.0,3
2007,5,4,122.0,4
2007,5,5,100.0,4
2007,5,6,92.0,3
2007,5,7,112.0,4
2007,5,8,102.0,4
2007,5,9,104.0,4
2007,5,10,85.0,3
2007,5,11,114.0,4
2007,5,12,119.0,4
2007,5,13,111.0,4
2007,5,14,98.0,3
2007,5,15,113.0,4
2007,5,16,88.0,3
2007,5,17,92.0,3
2007,5,18,107.0,4
2007,5,19,127.0,5
2007,5,20,108.0,4
2007,5,21,96.0,3
2007,5,22,88.0,3
2007,5,23,65.0,2
2007,5,24,77.0,3
2007,5,25,118.0,4
2007,5,26,106.0,4
2007,5,27,107.0,4
2007,5,28,95.0,3
2007,5,29,109.0,4
2007,5,30,97.0,3
2007,5,31,94.0,3
2007,6,1,102.0,4
2007,6,2,96.0,3
2007,6,3,102.0,4
2007,6,4,91.0,3
2007,6,5,110.0,4
2007,6,6,101.0,4
2007,6,7,102.0,4
2007,6,8,109.0,4
2007,6,9,90.0,3
2007,6,10,112.0,4
2007,6,11,93.0,3
2007,6,12,109.0,4
2007,6,13,125.0,5
2007,6,14,129.0,5
2007,6,15,116.0,4
2007,6,16,132.0,5
2007,6,17,119.0,4
2007,6,18,121.0,4
2007,6,19,113.0,4
2007,6,20,107.0,4
2007,6,21,125.0,5
2007,6,22,116.0,4
2007,6,23,109.0,4
2007,6,24,128.0,5
2007,6,25,90.0,3
2007,6,26,96.0,3
2007,6,27,81.0,3
2007,6,28,82.0,3
2007,6,29,89.0,3
2007,6,30,103.0,4
2007,7,1,113.0,4
2007,7,2,103.0,4
2007,7,3,115.0,4
2007,7,4,98.0,3
2007,7,5,105.0,4
2007,7,6,102.0,4
2007,7,7,99.0,3
2007,7,8,118.0,4
2007,7,9,104.0,4
2007,7,10,107.0,4
2007,7,11,102.0,4
2007,7,12,127.0,5
2007,7,13,96.0,3
2007,7,14,116.0,4
2007,7,15,107.0,4
2007,7,16,119.0,4
2007,7,17,97.0,3
2007,7,18,118.0,4
2007,7,19,104.0,4
2007,7,20,105.0,4
2007,7,21,90.0,3
2007,7,22,116.0,4
2007,7,23,88.0,3
2007,7,24,99.0,3
2007,7,25,81.0,3
2007,7,26,82.0,3
2007,7,27,101.0,4
2007,7,28,118.0,4
2007,7,29,114.0,4
2007,7,30,103.0,4
2007,7,31,95.0,3
2007,8,1,127.0,5
2007,8,2,117.0,4
2007,8,3,112.0,4
2007,8,4,141.0,5
2007,8,5,130.0,5
2007,8,6,104.0,4
2007,8,7,119.0,4
2007,8,8,112.0,4
2007,8,9,119.0,4
2007,8,10,133.0,5
2007,8,11,134.0,5
2007,8,12,96.0,3
2007,8,13,103.0,4
2007,8,14,140.0,5
2007,8,15,128.0,5
2007,8,16,131.0,5
2007,8,17,134.0,5
2007,8,18,122.0,4
2007,8,19,111.0,4
2007,8,20,106.0,4
2007,8,21,121.0,4
2007,8,22,126.0,5
2007,8,23,118.0,4
2007,8,24,126.0,5
2007,8,25,121.0,4
2007,8,26,131.0,5
2007,8,27,89.0,3
2007,8,28,93.0,3
2007,8,29,87.0,3
2007,8,30,84.0,3
2007,8,31,120.0,4
2007,9,1,136.0,5
2007,9,2,109.0,4
2007,9,3,99.0,3
2007,9,4,110.0,4
2007,9,5,95.0,3
2007,9,6,97.0,3
2007,9,7,128.0,5
2007,9,8,114.0,4
2007,9,9,115.0,4
2007,9,10,106.0,4
2007,9,11,111.0,4
2007,9,12,120.0,4
2007,9,13,129.0,5
2007,9,14,124.0,4
2007,9,15,125.0,5
2007,9,16,121.0,4
2007,9,17,108.0,4
2007,9,18,94.0,3
2007,9,19,82.0,3
2007,9,20,101.0,4
2007,9,21,117.0,4
2007,9,22,116.0,4
2007,9,23,113.0,4
2007,9,24,117.0,4
2007,9,25,83.0,3
2007,9,26,63.0,2
2007,9,27,76.0,3
2007,9,28,109.0,4
2007,9,29,89.0,3
2007,9,30,79.0,3
2007,10,1,113.0,4
2007,10,2,90.0,3
2007,10,3,85.0,3
2007,10,4,100.0,4
2007,10,5,117.0,4
2007,10,6,101.0,4
2007,10,7,108.0,4
2007,10,8,72.0,2
2007,10,9,108.0,4
2007,10,10,112.0,4
2007,10,11,102.0,4
2007,10,12,107.0,4
2007,10,13,122.0,4
2007,10,14,104.0,4
2007,10,15,126.0,5
2007,10,16,111.0,4
2007,10,17,101.0,4
2007,10,18,100.0,4
2007,10,19,101.0,4
2007,10,20,121.0,4
2007,10,21,122.0,4
2007,10,22,119.0,4
2007,10,23,108.0,4
2007,10,24,65.0,2
2007,10,25,72.0,2
2007,10,26,98.0,3
2007,10,27,107.0,4
2007,10,28,75.0,3
2007,10,29,91.0,3
2007,10,30,101.0,4
2007,10,31,114.0,4
2007,11,1,108.0,4
2007,11,2,110.0,4
2007,11,3,112.0,4
2007,11,4,101.0,4
2007,11,5,85.0,3
2007,11,6,98.0,3
2007,11,7,106.0,4
2007,11,8,105.0,4
2007,11,9,116.0,4
2007,11,10,94.0,3
2007,11,11,107.0,4
2007,11,12,99.0,3
2007,11,13,126.0,5
2007,11,14,122.0,4
2007,11,15,115.0,4
2007,11,16,108.0,4
2007,11,17,112.0,4
2007,11,18,88.0,3
2007,11,19,83.0,3
2007,11,20,90.0,3
2007,11,21,54.0,2
2007,11,22,87.0,3
2007,11,23,81.0,3
2007,11,24,88.0,3
2007,11,25,79.0,3
2007,11,26,90.0,3
2007,11,27,87.0,3
2007,11,28,95.0,3
2007,11,29,97.0,3
2007,11,30,121.0,4
2007,12,1,84.0,3
2007,12,2,66.0,2
2007,12,3,111.0,4
2007,12,4,100.0,4
2007,12,5,115.0,4
2007,12,6,99.0,3
2007,12,7,99.0,3
2007,12,8,95.0,3
2007,12,9,76.0,3
2007,12,10,105.0,4
2007,12,11,88.0,3
2007,12,12,92.0,3
2007,12,13,91.0,3
2007,12,14,113.0,4
2007,12,15,99.0,3
2007,12,16,87.0,3
2007,12,17,69.0,2
2007,12,18,86.0,3
2007,12,19,67.0,2
2007,12,20,63.0,2
2007,12,21,91.0,3
2007,12,22,76.0,3
2007,12,23,76.0,3
2007,12,24,64.0,2
2007,12,25,46.0,1
2007,12,26,72.0,2
2007,12,27,74.0,2
2007,12,28,82.0,3
2007,12,29,119.0,4
2007,12,30,77.0,3
2007,12,31,89.0,3
2008,1,1,122.0,4
2008,1,2,114.0,4
2008,1,3,89.0,3
2008,1,4,100.0,4
2008,1,5,103.0,4
2008,1,6,93.0,3
2008,1,7,111.0,4
2008,1,8,90.0,3
2008,1,9,93.0,3
2008,1,10,104.0,4
2008,1,11,85.0,3
2008,1,12,99.0,3
2008,1,13,83.0,3
2008,1,14,77.0,3
2008,1,15,90.0,3
2008,1,16,92.0,3
2008,1,17,98.0,3
2008,1,18,80.0,3
2008,1,19,84.0,3
2008,1,20,83.0,3
2008,1,21,80.0,3
2008,1,22,76.0,3
2008,1,23,59.0,2
2008,1,24,69.0,2
2008,1,25,87.0,3
2008,1,26,96.0,3
2008,1,27,76.0,3
2008,1,28,68.0,2
2008,1,29,82.0,3
2008,1,30,84.0,3
2008,1,31,93.0,3
2008,2,1,107.0,4
2008,2,2,105.0,4
2008,2,3,97.0,3
2008,2,4,86.0,3
2008,2,5,88.0,3
2008,2,6,110.0,4
2008,2,7,102.0,4
2008,2,8,105.0,4
2008,2,9,103.0,4
2008,2,10,111.0,4
2008,2,11,74.0,2
2008,2,12,111.0,4
2008,2,13,95.0,3
2008,2,14,82.0,3
2008,2,15,125.0,5
2008,2,16,108.0,4
2008,2,17,114.0,4
2008,2,18,100.0,4
2008,2,19,78.0,3
2008,2,20,32.0,1
2008,2,21,65.0,2
2008,2,22,105.0,4
2008,2,23,113.0,4
2008,2,24,115.0,4
2008,2,25,107.0,4
2008,2,26,102.0,4
2008,2,27,98.0,3
2008,2,28,86.0,3
2008,2,29,105.0,4
2008,3,1,126.0,5
2008,3,2,115.0,4
2008,3,3,109.0,4
2008,3,4,95.0,3
2008,3,5,104.0,4
2008,3,6,84.0,3
2008,3,7,126.0,5
2008,3,8,110.0,4
2008,3,9,94.0,3
2008,3,10,113.0,4
2008,3,11,122.0,4
2008,3,12,214.0,8
2008,3,13,130.0,5
2008,3,14,105.0,4
2008,3,15,113.0,4
2008,3,16,127.0,5
2008,3,17,106.0,4
2008,3,18,92.0,3
2008,3,19,79.0,3
2008,3,20,113.0,4
2008,3,21,102.0,4
2008,3,22,121.0,4
2008,3,23,110.0,4
2008,3,24,92.0,3
2008,3,25,85.0,3
2008,3,26,73.0,2
2008,3,27,99.0,3
2008,3,28,90.0,3
2008,3,29,87.0,3
2008,3,30,88.0,3
2008,3,31,85.0,3
2008,4,1,103.0,4
2008,4,2,104.0,4
2008,4,3,86.0,3
2008,4,4,95.0,3
2008,4,5,92.0,3
2008,4,6,94.0,3
2008,4,7,79.0,3
2008,4,8,97.0,3
2008,4,9,75.0,3
2008,4,10,89.0,3
2008,4,11,122.0,4
2008,4,12,110.0,4
2008,4,13,103.0,4
2008,4,14,107.0,4
2008,4,15,105.0,4
2008,4,16,108.0,4
2008,4,17,112.0,4
2008,4,18,95.0,3
2008,4,19,107.0,4
2008,4,20,118.0,4
2008,4,21,100.0,4
2008,4,22,98.0,3
2008,4,23,59.0,2
2008,4,24,77.0,3
2008,4,25,94.0,3
2008,4,26,104.0,4
2008,4,27,103.0,4
2008,4,28,82.0,3
2008,4,29,104.0,4
2008,4,30,85.0,3
2008,5,1,106.0,4
2008,5,2,100.0,4
2008,5,3,124.0,4
2008,5,4,110.0,4
2008,5,5,106.0,4
2008,5,6,102.0,4
2008,5,7,97.0,3
2008,5,8,88.0,3
2008,5,9,128.0,5
2008,5,10,113.0,4
2008,5,11,95.0,3
2008,5,12,85.0,3
2008,5,13,98.0,3
2008,5,14,89.0,3
2008,5,15,118.0,4
2008,5,16,110.0,4
2008,5,17,103.0,4
2008,5,18,94.0,3
2008,5,19,81.0,3
2008,5,20,81.0,3
2008,5,21,102.0,4
2008,5,22,93.0,3
2008,5,23,103.0,4
2008,5,24,120.0,4
2008,5,25,112.0,4
2008,5,26,89.0,3
2008,5,27,87.0,3
2008,5,28,69.0,2
2008,5,29,70.0,2
2008,5,30,101.0,4
2008,5,31,98.0,3
2008,6,1,91.0,3
2008,6,2,114.0,4
2008,6,3,85.0,3
2008,6,4,107.0,4
2008,6,5,109.0,4
2008,6,6,116.0,4
2008,6,7,108.0,4
2008,6,8,106.0,4
2008,6,9,93.0,3
2008,6,10,99.0,3
2008,6,11,107.0,4
2008,6,12,105.0,4
2008,6,13,107.0,4
2008,6,14,107.0,4
2008,6,15,108.0,4
2008,6,16,76.0,3
2008,6,17,104.0,4
2008,6,18,97.0,3
2008,6,19,101.0,4
2008,6,20,116.0,4
2008,6,21,125.0,5
2008,6,22,102.0,4
2008,6,23,100.0,4
2008,6,24,102.0,4
2008,6,25,60.0,2
2008,6,26,69.0,2
2008,6,27,92.0,3
2008,6,28,102.0,4
2008,6,29,86.0,3
2008,6,30,95.0,3
2008,7,1,95.0,3
2008,7,2,88.0,3
2008,7,3,79.0,3
2008,7,4,111.0,4
2008,7,5,98.0,3
2008,7,6,96.0,3
2008,7,7,71.0,2
2008,7,8,92.0,3
2008,7,9,97.0,3
2008,7,10,84.0,3
2008,7,11,121.0,4
2008,7,12,110.0,4
2008,7,13,105.0,4
2008,7,14,101.0,4
2008,7,15,91.0,3
2008,7,16,90.0,3
2008,7,17,134.0,5
2008,7,18,87.0,3
2008,7,19,120.0,4
2008,7,20,103.0,4
2008,7,21,93.0,3
2008,7,22,104.0,4
2008,7,23,74.0,2
2008,7,24,78.0,3
2008,7,25,89.0,3
2008,7,26,100.0,4
2008,7,27,78.0,3
2008,7,28,91.0,3
2008,7,29,72.0,2
2008,7,30,114.0,4
2008,7,31,94.0,3
2008,8,1,122.0,4
2008,8,2,112.0,4
2008,8,3,108.0,4
2008,8,4,82.0,3
2008,8,5,89.0,3
2008,8,6,94.0,3
2008,8,7,95.0,3
2008,8,8,93.0,3
2008,8,9,87.0,3
2008,8,10,78.0,3
2008,8,11,104.0,4
2008,8,12,107.0,4
2008,8,13,109.0,4
2008,8,14,111.0,4
2008,8,15,95.0,3
2008,8,16,89.0,3
2008,8,17,104.0,4
2008,8,18,98.0,3
2008,8,19,112.0,4
2008,8,20,119.0,4
2008,8,21,112.0,4
2008,8,22,102.0,4
2008,8,23,126.0,5
2008,8,24,89.0,3
2008,8,25,108.0,4
2008,8,26,107.0,4
2008,8,27,65.0,2
2008,8,28,73.0,2
2008,8,29,88.0,3
2008,8,30,107.0,4
2008,8,31,83.0,3
2008,9,1,108.0,4
2008,9,2,94.0,3
2008,9,3,101.0,4
2008,9,4,110.0,4
2008,9,5,117.0,4
2008,9,6,105.0,4
2008,9,7,92.0,3
2008,9,8,99.0,3
2008,9,9,99.0,3
2008,9,10,115.0,4
2008,9,11,106.0,4
2008,9,12,123.0,4
2008,9,13,132.0,5
2008,9,14,92.0,3
2008,9,15,91.0,3
2008,9,16,101.0,4
2008,9,17,103.0,4
2008,9,18,107.0,4
2008,9,19,79.0,3
2008,9,20,105.0,4
2008,9,21,94.0,3
2008,9,22,106.0,4
2008,9,23,113.0,4
2008,9,24,60.0,2
2008,9,25,70.0,2
2008,9,26,97.0,3
2008,9,27,99.0,3
2008,9,28,88.0,3
2008,9,29,104.0,4
2008,9,30,78.0,3
2008,10,1,104.0,4
2008,10,2,92.0,3
2008,10,3,103.0,4
2008,10,4,118.0,4
2008,10,5,123.0,4
2008,10,6,97.0,3
2008,10,7,105.0,4
2008,10,8,93.0,3
2008,10,9,95.0,3
2008,10,10,96.0,3
2008,10,11,122.0,4
2008,10,12,125.0,5
2008,10,13,84.0,3
2008,10,14,95.0,3
2008,10,15,103.0,4
2008,10,16,106.0,4
2008,10,17,92.0,3
2008,10,18,102.0,4
2008,10,19,96.0,3
2008,10,20,121.0,4
2008,10,21,67.0,2
2008,10,22,65.0,2
2008,10,23,75.0,3
2008,10,24,94.0,3
2008,10,25,124.0,4
2008,10,26,96.0,3
2008,10,27,73.0,2
2008,10,28,93.0,3
2008,10,29,94.0,3
2008,10,30,96.0,3
2008,10,31,129.0,5
2008,11,1,135.0,5
2008,11,2,91.0,3
2008,11,3,95.0,3
2008,11,4,86.0,3
2008,11,5,91.0,3
2008,11,6,104.0,4
2008,11,7,95.0,3
2008,11,8,110.0,4
2008,11,9,79.0,3
2008,11,10,81.0,3
2008,11,11,106.0,4
2008,11,12,135.0,5
2008,11,13,92.0,3
2008,11,14,97.0,3
2008,11,15,124.0,4
2008,11,16,85.0,3
2008,11,17,93.0,3
2008,11,18,70.0,2
2008,11,19,52.0,2
2008,11,20,77.0,3
2008,11,21,87.0,3
2008,11,22,119.0,4
2008,11,23,81.0,3
2008,11,24,83.0,3
2008,11,25,83.0,3
2008,11,26,86.0,3
2008,11,27,98.0,3
2008,11,28,89.0,3
2008,11,29,104.0,4
2008,11,30,95.0,3
2008,12,1,79.0,3
2008,12,2,77.0,3
2008,12,3,92.0,3
2008,12,4,104.0,4
2008,12,5,115.0,4
2008,12,6,108.0,4
2008,12,7,98.0,3
2008,12,8,125.0,5
2008,12,9,99.0,3
2008,12,10,70.0,2
2008,12,11,87.0,3
2008,12,12,106.0,4
2008,12,13,106.0,4
2008,12,14,74.0,2
2008,12,15,92.0,3
2008,12,16,85.0,3
2008,12,17,52.0,2
2008,12,18,96.0,3
2008,12,19,77.0,3
2008,12,20,93.0,3
2008,12,21,64.0,2
2008,12,22,70.0,2
2008,12,23,53.0,2
2008,12,24,66.0,2
2008,12,25,61.0,2
2008,12,26,67.0,2
2008,12,27,69.0,2
2008,12,28,62.0,2
2008,12,29,97.0,3
2008,12,30,111.0,4
2008,12,31,76.0,3
2009,1,1,91.0,3
2009,1,2,77.0,3
2009,1,3,73.0,2
2009,1,4,76.0,3
2009,1,5,108.0,4
2009,1,6,92.0,3
2009,1,7,103.0,4
2009,1,8,74.0,2
2009,1,9,108.0,4
2009,1,10,114.0,4
2009,1,11,91.0,3
2009,1,12,102.0,4
2009,1,13,71.0,2
2009,1,14,93.0,3
2009,1,15,111.0,4
2009,1,16,105.0,4
2009,1,17,104.0,4
2009,1,18,87.0,3
2009,1,19,101.0,4
2009,1,20,74.0,2
2009,1,21,60.0,2
2009,1,22,66.0,2
2009,1,23,92.0,3
2009,1,24,68.0,2
2009,1,25,76.0,3
2009,1,26,77.0,3
2009,1,27,66.0,2
2009,1,28,91.0,3
2009,1,29,90.0,3
2009,1,30,73.0,2
2009,1,31,129.0,5
2009,2,1,120.0,4
2009,2,2,97.0,3
2009,2,3,98.0,3
2009,2,4,108.0,4
2009,2,5,72.0,2
2009,2,6,116.0,4
2009,2,7,110.0,4
2009,2,8,94.0,3
2009,2,9,96.0,3
2009,2,10,124.0,4
2009,2,11,91.0,3
2009,2,12,98.0,3
2009,2,13,95.0,3
2009,2,14,111.0,4
2009,2,15,96.0,3
2009,2,16,82.0,3
2009,2,17,89.0,3
2009,2,18,74.0,2
2009,2,19,73.0,2
2009,2,20,102.0,4
2009,2,21,106.0,4
2009,2,22,91.0,3
2009,2,23,112.0,4
2009,2,24,72.0,2
2009,2,25,64.0,2
2009,2,26,89.0,3
2009,2,27,101.0,4
2009,2,28,111.0,4
2009,3,1,94.0,3
2009,3,2,65.0,2
2009,3,3,86.0,3
2009,3,4,91.0,3
2009,3,5,90.0,3
2009,3,6,90.0,3
2009,3,7,71.0,2
2009,3,8,84.0,3
2009,3,9,72.0,2
2009,3,10,73.0,2
2009,3,11,89.0,3
2009,3,12,86.0,3
2009,3,13,94.0,3
2009,3,14,115.0,4
2009,3,15,74.0,2
2009,3,16,85.0,3
2009,3,17,77.0,3
2009,3,18,81.0,3
2009,3,19,84.0,3
2009,3,20,97.0,3
2009,3,21,109.0,4
2009,3,22,82.0,3
2009,3,23,74.0,2
2009,3,24,64.0,2
2009,3,25,60.0,2
2009,3,26,56.0,2
2009,3,27,79.0,3
2009,3,28,80.0,3
2009,3,29,91.0,3
2009,3,30,77.0,3
2009,3,31,74.0,2
2009,4,1,101.0,4
2009,4,2,88.0,3
2009,4,3,92.0,3
2009,4,4,98.0,3
2009,4,5,95.0,3
2009,4,6,88.0,3
2009,4,7,85.0,3
2009,4,8,87.0,3
2009,4,9,93.0,3
2009,4,10,102.0,4
2009,4,11,94.0,3
2009,4,12,63.0,2
2009,4,13,86.0,3
2009,4,14,96.0,3
2009,4,15,84.0,3
2009,4,16,78.0,3
2009,4,17,78.0,3
2009,4,18,97.0,3
2009,4,19,83.0,3
2009,4,20,63.0,2
2009,4,21,79.0,3
2009,4,22,58.0,2
2009,4,23,83.0,3
2009,4,24,80.0,3
2009,4,25,86.0,3
2009,4,26,86.0,3
2009,4,27,66.0,2
2009,4,28,75.0,3
2009,4,29,84.0,3
2009,4,30,85.0,3
2009,5,1,97.0,3
2009,5,2,105.0,4
2009,5,3,76.0,3
2009,5,4,58.0,2
2009,5,5,69.0,2
2009,5,6,70.0,2
2009,5,7,85.0,3
2009,5,8,91.0,3
2009,5,9,91.0,3
2009,5,10,97.0,3
2009,5,11,109.0,4
2009,5,12,86.0,3
2009,5,13,87.0,3
2009,5,14,118.0,4
2009,5,15,104.0,4
2009,5,16,107.0,4
2009,5,17,84.0,3
2009,5,18,83.0,3
2009,5,19,79.0,3
2009,5,20,106.0,4
2009,5,21,99.0,3
2009,5,22,105.0,4
2009,5,23,102.0,4
2009,5,24,95.0,3
2009,5,25,89.0,3
2009,5,26,70.0,2
2009,5,27,95.0,3
2009,5,28,73.0,2
2009,5,29,110.0,4
2009,5,30,86.0,3
2009,5,31,63.0,2
2009,6,1,92.0,3
2009,6,2,86.0,3
2009,6,3,92.0,3
2009,6,4,78.0,3
2009,6,5,94.0,3
2009,6,6,84.0,3
2009,6,7,88.0,3
2009,6,8,76.0,3
2009,6,9,74.0,2
2009,6,10,77.0,3
2009,6,11,85.0,3
2009,6,12,80.0,3
2009,6,13,86.0,3
2009,6,14,72.0,2
2009,6,15,91.0,3
2009,6,16,89.0,3
2009,6,17,92.0,3
2009,6,18,96.0,3
2009,6,19,99.0,3
2009,6,20,97.0,3
2009,6,21,101.0,4
2009,6,22,102.0,4
2009,6,23,86.0,3
2009,6,24,58.0,2
2009,6,25,74.0,2
2009,6,26,99.0,3
2009,6,27,111.0,4
2009,6,28,105.0,4
2009,6,29,81.0,3
2009,6,30,96.0,3
2009,7,1,110.0,4
2009,7,2,101.0,4
2009,7,3,92.0,3
2009,7,4,72.0,2
2009,7,5,73.0,2
2009,7,6,85.0,3
2009,7,7,82.0,3
2009,7,8,77.0,3
2009,7,9,104.0,4
2009,7,10,105.0,4
2009,7,11,98.0,3
2009,7,12,85.0,3
2009,7,13,93.0,3
2009,7,14,81.0,3
2009,7,15,87.0,3
2009,7,16,104.0,4
2009,7,17,76.0,3
2009,7,18,93.0,3
2009,7,19,95.0,3
2009,7,20,99.0,3
2009,7,21,95.0,3
2009,7,22,95.0,3
2009,7,23,79.0,3
2009,7,24,95.0,3
2009,7,25,132.0,5
2009,7,26,97.0,3
2009,7,27,96.0,3
2009,7,28,75.0,3
2009,7,29,71.0,2
2009,7,30,70.0,2
2009,7,31,76.0,3
2009,8,1,123.0,4
2009,8,2,70.0,2
2009,8,3,92.0,3
2009,8,4,85.0,3
2009,8,5,84.0,3
2009,8,6,58.0,2
2009,8,7,104.0,4
2009,8,8,92.0,3
2009,8,9,87.0,3
2009,8,10,80.0,3
2009,8,11,90.0,3
2009,8,12,122.0,4
2009,8,13,101.0,4
2009,8,14,91.0,3
2009,8,15,99.0,3
2009,8,16,86.0,3
2009,8,17,103.0,4
2009,8,18,103.0,4
2009,8,19,103.0,4
2009,8,20,110.0,4
2009,8,21,117.0,4
2009,8,22,128.0,5
2009,8,23,90.0,3
2009,8,24,99.0,3
2009,8,25,87.0,3
2009,8,26,75.0,3
2009,8,27,65.0,2
2009,8,28,95.0,3
2009,8,29,105.0,4
2009,8,30,88.0,3
2009,8,31,75.0,3
2009,9,1,97.0,3
2009,9,2,86.0,3
2009,9,3,92.0,3
2009,9,4,108.0,4
2009,9,5,90.0,3
2009,9,6,103.0,4
2009,9,7,104.0,4
2009,9,8,98.0,3
2009,9,9,90.0,3
2009,9,10,103.0,4
2009,9,11,97.0,3
2009,9,12,107.0,4
2009,9,13,105.0,4
2009,9,14,93.0,3
2009,9,15,97.0,3
2009,9,16,95.0,3
2009,9,17,97.0,3
2009,9,18,110.0,4
2009,9,19,93.0,3
2009,9,20,93.0,3
2009,9,21,110.0,4
2009,9,22,91.0,3
2009,9,23,66.0,2
2009,9,24,85.0,3
2009,9,25,79.0,3
2009,9,26,86.0,3
2009,9,27,102.0,4
2009,9,28,78.0,3
2009,9,29,76.0,3
2009,9,30,84.0,3
2009,10,1,96.0,3
2009,10,2,82.0,3
2009,10,3,85.0,3
2009,10,4,94.0,3
2009,10,5,89.0,3
2009,10,6,65.0,2
2009,10,7,90.0,3
2009,10,8,92.0,3
2009,10,9,86.0,3
2009,10,10,122.0,4
2009,10,11,89.0,3
2009,10,12,80.0,3
2009,10,13,74.0,2
2009,10,14,92.0,3
2009,10,15,99.0,3
2009,10,16,106.0,4
2009,10,17,113.0,4
2009,10,18,78.0,3
2009,10,19,78.0,3
2009,10,20,80.0,3
2009,10,21,57.0,2
2009,10,22,62.0,2
2009,10,23,80.0,3
2009,10,24,77.0,3
2009,10,25,64.0,2
2009,10,26,84.0,3
2009,10,27,85.0,3
2009,10,28,81.0,3
2009,10,29,94.0,3
2009,10,30,110.0,4
2009,10,31,109.0,4
2009,11,1,125.0,5
2009,11,2,80.0,3
2009,11,3,86.0,3
2009,11,4,83.0,3
2009,11,5,99.0,3
2009,11,6,103.0,4
2009,11,7,92.0,3
2009,11,8,82.0,3
2009,11,9,87.0,3
2009,11,10,104.0,4
2009,11,11,97.0,3
2009,11,12,98.0,3
2009,11,13,65.0,2
2009,11,14,99.0,3
2009,11,15,84.0,3
2009,11,16,103.0,4
2009,11,17,73.0,2
2009,11,18,80.0,3
2009,11,19,78.0,3
2009,11,20,81.0,3
2009,11,21,99.0,3
2009,11,22,77.0,3
2009,11,23,84.0,3
2009,11,24,72.0,2
2009,11,25,79.0,3
2009,11,26,86.0,3
2009,11,27,88.0,3
2009,11,28,111.0,4
2009,11,29,88.0,3
2009,11,30,81.0,3
2009,12,1,82.0,3
2009,12,2,77.0,3
2009,12,3,90.0,3
2009,12,4,96.0,3
2009,12,5,95.0,3
2009,12,6,83.0,3
2009,12,7,74.0,2
2009,12,8,72.0,2
2009,12,9,79.0,3
2009,12,10,69.0,2
2009,12,11,73.0,2
2009,12,12,72.0,2
2009,12,13,73.0,2
2009,12,14,72.0,2
2009,12,15,59.0,2
2009,12,16,34.0,1
2009,12,17,70.0,2
2009,12,18,82.0,3
2009,12,19,84.0,3
2009,12,20,63.0,2
2009,12,21,86.0,3
2009,12,22,70.0,2
2009,12,23,77.0,3
2009,12,24,84.0,3
2009,12,25,65.0,2
2009,12,26,67.0,2
2009,12,27,91.0,3
2009,12,28,81.0,3
2009,12,29,84.0,3
2009,12,30,78.0,3
2009,12,31,76.0,3
2010,1,1,101.0,4
2010,1,2,90.0,3
2010,1,3,77.0,3
2010,1,4,84.0,3
2010,1,5,68.0,2
2010,1,6,80.0,3
2010,1,7,88.0,3
2010,1,8,88.0,3
2010,1,9,94.0,3
2010,1,10,97.0,3
2010,1,11,74.0,2
2010,1,12,83.0,3
2010,1,13,60.0,2
2010,1,14,62.0,2
2010,1,15,78.0,3
2010,1,16,90.0,3
2010,1,17,101.0,4
2010,1,18,68.0,2
2010,1,19,70.0,2
2010,1,20,54.0,2
2010,1,21,63.0,2
2010,1,22,83.0,3
2010,1,23,74.0,2
2010,1,24,61.0,2
2010,1,25,87.0,3
2010,1,26,76.0,3
2010,1,27,68.0,2
2010,1,28,85.0,3
2010,1,29,82.0,3
2010,1,30,86.0,3
2010,1,31,81.0,3
2010,2,1,92.0,3
2010,2,2,78.0,3
2010,2,3,71.0,2
2010,2,4,84.0,3
2010,2,5,74.0,2
2010,2,6,79.0,3
2010,2,7,65.0,2
2010,2,8,78.0,3
2010,2,9,65.0,2
2010,2,10,69.0,2
2010,2,11,63.0,2
2010,2,12,72.0,2
2010,2,13,92.0,3
2010,2,14,69.0,2
2010,2,15,74.0,2
2010,2,16,79.0,3
2010,2,17,59.0,2
2010,2,18,94.0,3
2010,2,19,99.0,3
2010,2,20,100.0,4
2010,2,21,94.0,3
2010,2,22,68.0,2
2010,2,23,71.0,2
2010,2,24,80.0,3
2010,2,25,103.0,4
2010,2,26,85.0,3
2010,2,27,101.0,4
2010,2,28,87.0,3
2010,3,1,107.0,4
2010,3,2,84.0,3
2010,3,3,97.0,3
2010,3,4,91.0,3
2010,3,5,77.0,3
2010,3,6,67.0,2
2010,3,7,78.0,3
2010,3,8,66.0,2
2010,3,9,85.0,3
2010,3,10,85.0,3
2010,3,11,98.0,3
2010,3,12,88.0,3
2010,3,13,89.0,3
2010,3,14,64.0,2
2010,3,15,78.0,3
2010,3,16,79.0,3
2010,3,17,89.0,3
2010,3,18,83.0,3
2010,3,19,89.0,3
2010,3,20,89.0,3
2010,3,21,64.0,2
2010,3,22,57.0,2
2010,3,23,85.0,3
2010,3,24,60.0,2
2010,3,25,50.0,2
2010,3,26,73.0,2
2010,3,27,76.0,3
2010,3,28,71.0,2
2010,3,29,65.0,2
2010,3,30,74.0,2
2010,3,31,72.0,2
2010,4,1,99.0,3
2010,4,2,88.0,3
2010,4,3,101.0,4
2010,4,4,88.0,3
2010,4,5,79.0,3
2010,4,6,60.0,2
2010,4,7,100.0,4
2010,4,8,76.0,3
2010,4,9,102.0,4
2010,4,10,83.0,3
2010,4,11,89.0,3
2010,4,12,81.0,3
2010,4,13,74.0,2
2010,4,14,68.0,2
2010,4,15,82.0,3
2010,4,16,79.0,3
2010,4,17,70.0,2
2010,4,18,75.0,3
2010,4,19,82.0,3
2010,4,20,67.0,2
2010,4,21,36.0,1
2010,4,22,48.0,1
2010,4,23,78.0,3
2010,4,24,89.0,3
2010,4,25,62.0,2
2010,4,26,79.0,3
2010,4,27,79.0,3
2010,4,28,60.0,2
2010,4,29,82.0,3
2010,4,30,82.0,3
2010,5,1,102.0,4
2010,5,2,77.0,3
2010,5,3,57.0,2
2010,5,4,76.0,3
2010,5,5,83.0,3
2010,5,6,96.0,3
2010,5,7,73.0,2
2010,5,8,89.0,3
2010,5,9,73.0,2
2010,5,10,81.0,3
2010,5,11,68.0,2
2010,5,12,79.0,3
2010,5,13,103.0,4
2010,5,14,104.0,4
2010,5,15,108.0,4
2010,5,16,75.0,3
2010,5,17,75.0,3
2010,5,18,54.0,2
2010,5,19,53.0,2
2010,5,20,80.0,3
2010,5,21,82.0,3
2010,5,22,114.0,4
2010,5,23,58.0,2
2010,5,24,91.0,3
2010,5,25,79.0,3
2010,5,26,69.0,2
2010,5,27,61.0,2
2010,5,28,91.0,3
2010,5,29,81.0,3
2010,5,30,78.0,3
2010,5,31,76.0,3
2010,6,1,65.0,2
2010,6,2,79.0,3
2010,6,3,82.0,3
2010,6,4,100.0,4
2010,6,5,108.0,4
2010,6,6,66.0,2
2010,6,7,78.0,3
2010,6,8,70.0,2
2010,6,9,56.0,2
2010,6,10,80.0,3
2010,6,11,90.0,3
2010,6,12,93.0,3
2010,6,13,81.0,3
2010,6,14,102.0,4
2010,6,15,90.0,3
2010,6,16,87.0,3
2010,6,17,82.0,3
2010,6,18,90.0,3
2010,6,19,87.0,3
2010,6,20,88.0,3
2010,6,21,84.0,3
2010,6,22,70.0,2
2010,6,23,69.0,2
2010,6,24,75.0,3
2010,6,25,71.0,2
2010,6,26,76.0,3
2010,6,27,83.0,3
2010,6,28,73.0,2
2010,6,29,85.0,3
2010,6,30,84.0,3
2010,7,1,91.0,3
2010,7,2,92.0,3
2010,7,3,76.0,3
2010,7,4,74.0,2
2010,7,5,80.0,3
2010,7,6,81.0,3
2010,7,7,78.0,3
2010,7,8,57.0,2
2010,7,9,75.0,3
2010,7,10,68.0,2
2010,7,11,82.0,3
2010,7,12,84.0,3
2010,7,13,96.0,3
2010,7,14,79.0,3
2010,7,15,82.0,3
2010,7,16,89.0,3
2010,7,17,80.0,3
2010,7,18,88.0,3
2010,7,19,97.0,3
2010,7,20,59.0,2
2010,7,21,69.0,2
2010,7,22,76.0,3
2010,7,23,85.0,3
2010,7,24,82.0,3
2010,7,25,82.0,3
2010,7,26,56.0,2
2010,7,27,79.0,3
2010,7,28,92.0,3
2010,7,29,82.0,3
2010,7,30,102.0,4
2010,7,31,86.0,3
2010,8,1,95.0,3
2010,8,2,81.0,3
2010,8,3,89.0,3
2010,8,4,96.0,3
2010,8,5,84.0,3
2010,8,6,115.0,4
2010,8,7,99.0,3
2010,8,8,102.0,4
2010,8,9,109.0,4
2010,8,10,104.0,4
2010,8,11,87.0,3
2010,8,12,102.0,4
2010,8,13,89.0,3
2010,8,14,107.0,4
2010,8,15,103.0,4
2010,8,16,101.0,4
2010,8,17,85.0,3
2010,8,18,92.0,3
2010,8,19,95.0,3
2010,8,20,90.0,3
2010,8,21,96.0,3
2010,8,22,101.0,4
2010,8,23,87.0,3
2010,8,24,90.0,3
2010,8,25,70.0,2
2010,8,26,58.0,2
2010,8,27,68.0,2
2010,8,28,91.0,3
2010,8,29,90.0,3
2010,8,30,88.0,3
2010,8,31,75.0,3
2010,9,1,94.0,3
2010,9,2,99.0,3
2010,9,3,99.0,3
2010,9,4,92.0,3
2010,9,5,97.0,3
2010,9,6,74.0,2
2010,9,7,76.0,3
2010,9,8,83.0,3
2010,9,9,80.0,3
2010,9,10,120.0,4
2010,9,11,97.0,3
2010,9,12,103.0,4
2010,9,13,87.0,3
2010,9,14,84.0,3
2010,9,15,77.0,3
2010,9,16,102.0,4
2010,9,17,108.0,4
2010,9,18,94.0,3
2010,9,19,80.0,3
2010,9,20,74.0,2
2010,9,21,66.0,2
2010,9,22,56.0,2
2010,9,23,81.0,3
2010,9,24,57.0,2
2010,9,25,119.0,4
2010,9,26,96.0,3
2010,9,27,93.0,3
2010,9,28,87.0,3
2010,9,29,65.0,2
2010,9,30,74.0,2
2010,10,1,122.0,4
2010,10,2,85.0,3
2010,10,3,105.0,4
2010,10,4,85.0,3
2010,10,5,84.0,3
2010,10,6,61.0,2
2010,10,7,61.0,2
2010,10,8,78.0,3
2010,10,9,71.0,2
2010,10,10,91.0,3
2010,10,11,86.0,3
2010,10,12,72.0,2
2010,10,13,97.0,3
2010,10,14,100.0,4
2010,10,15,105.0,4
2010,10,16,88.0,3
2010,10,17,71.0,2
2010,10,18,77.0,3
2010,10,19,79.0,3
2010,10,20,85.0,3
2010,10,21,86.0,3
2010,10,22,114.0,4
2010,10,23,126.0,5
2010,10,24,82.0,3
2010,10,25,102.0,4
2010,10,26,87.0,3
2010,10,27,61.0,2
2010,10,28,81.0,3
2010,10,29,73.0,2
2010,10,30,114.0,4
2010,10,31,122.0,4
2010,11,1,99.0,3
2010,11,2,73.0,2
2010,11,3,88.0,3
2010,11,4,85.0,3
2010,11,5,87.0,3
2010,11,6,106.0,4
2010,11,7,97.0,3
2010,11,8,85.0,3
2010,11,9,72.0,2
2010,11,10,65.0,2
2010,11,11,65.0,2
2010,11,12,83.0,3
2010,11,13,101.0,4
2010,11,14,77.0,3
2010,11,15,75.0,3
2010,11,16,85.0,3
2010,11,17,74.0,2
2010,11,18,90.0,3
2010,11,19,94.0,3
2010,11,20,74.0,2
2010,11,21,75.0,3
2010,11,22,79.0,3
2010,11,23,55.0,2
2010,11,24,36.0,1
2010,11,25,56.0,2
2010,11,26,60.0,2
2010,11,27,69.0,2
2010,11,28,47.0,1
2010,11,29,61.0,2
2010,11,30,81.0,3
2010,12,1,84.0,3
2010,12,2,78.0,3
2010,12,3,78.0,3
2010,12,4,67.0,2
2010,12,5,69.0,2
2010,12,6,79.0,3
2010,12,7,110.0,4
2010,12,8,73.0,2
2010,12,9,80.0,3
2010,12,10,88.0,3
2010,12,11,83.0,3
2010,12,12,61.0,2
2010,12,13,80.0,3
2010,12,14,62.0,2
2010,12,15,70.0,2
2010,12,16,55.0,2
2010,12,17,91.0,3
2010,12,18,72.0,2
2010,12,19,64.0,2
2010,12,20,66.0,2
2010,12,21,75.0,3
2010,12,22,68.0,2
2010,12,23,63.0,2
2010,12,24,76.0,3
2010,12,25,48.0,1
2010,12,26,84.0,3
2010,12,27,87.0,3
2010,12,28,77.0,3
2010,12,29,56.0,2
2010,12,30,71.0,2
2010,12,31,80.0,3
2011,1,1,97.0,3
2011,1,2,77.0,3
2011,1,3,86.0,3
2011,1,4,78.0,3
2011,1,5,67.0,2
2011,1,6,64.0,2
2011,1,7,113.0,4
2011,1,8,81.0,3
2011,1,9,63.0,2
2011,1,10,68.0,2
2011,1,11,58.0,2
2011,1,12,58.0,2
2011,1,13,86.0,3
2011,1,14,93.0,3
2011,1,15,75.0,3
2011,1,16,80.0,3
2011,1,17,67.0,2
2011,1,18,52.0,2
2011,1,19,56.0,2
2011,1,20,60.0,2
2011,1,21,82.0,3
2011,1,22,89.0,3
2011,1,23,83.0,3
2011,1,24,69.0,2
2011,1,25,90.0,3
2011,1,26,71.0,2
2011,1,27,86.0,3
2011,1,28,84.0,3
2011,1,29,78.0,3
2011,1,30,72.0,2
2011,1,31,77.0,3
2011,2,1,84.0,3
2011,2,2,91.0,3
2011,2,3,93.0,3
2011,2,4,87.0,3
2011,2,5,101.0,4
2011,2,6,81.0,3
2011,2,7,107.0,4
2011,2,8,75.0,3
2011,2,9,71.0,2
2011,2,10,58.0,2
2011,2,11,89.0,3
2011,2,12,74.0,2
2011,2,13,73.0,2
2011,2,14,83.0,3
2011,2,15,76.0,3
2011,2,16,37.0,1
2011,2,17,66.0,2
2011,2,18,89.0,3
2011,2,19,82.0,3
2011,2,20,83.0,3
2011,2,21,65.0,2
2011,2,22,91.0,3
2011,2,23,58.0,2
2011,2,24,67.0,2
2011,2,25,75.0,3
2011,2,26,47.0,1
2011,2,27,55.0,2
2011,2,28,66.0,2
2011,3,1,82.0,3
2011,3,2,80.0,3
2011,3,3,63.0,2
2011,3,4,87.0,3
2011,3,5,92.0,3
2011,3,6,81.0,3
2011,3,7,75.0,3
2011,3,8,69.0,2
2011,3,9,79.0,3
2011,3,10,58.0,2
2011,3,11,72.0,2
2011,3,12,84.0,3
2011,3,13,73.0,2
2011,3,14,71.0,2
2011,3,15,82.0,3
2011,3,16,64.0,2
2011,3,17,92.0,3
2011,3,18,81.0,3
2011,3,19,101.0,4
2011,3,20,89.0,3
2011,3,21,68.0,2
2011,3,22,76.0,3
2011,3,23,62.0,2
2011,3,24,71.0,2
2011,3,25,68.0,2
2011,3,26,82.0,3
2011,3,27,48.0,1
2011,3,28,66.0,2
2011,3,29,75.0,3
2011,3,30,71.0,2
2011,3,31,53.0,2
2011,4,1,78.0,3
2011,4,2,96.0,3
2011,4,3,79.0,3
2011,4,4,68.0,2
2011,4,5,62.0,2
2011,4,6,69.0,2
2011,4,7,76.0,3
2011,4,8,70.0,2
2011,4,9,75.0,3
2011,4,10,50.0,2
2011,4,11,57.0,2
2011,4,12,65.0,2
2011,4,13,75.0,3
2011,4,14,75.0,3
2011,4,15,79.0,3
2011,4,16,87.0,3
2011,4,17,72.0,2
2011,4,18,77.0,3
2011,4,19,86.0,3
2011,4,20,49.0,1
2011,4,21,62.0,2
2011,4,22,71.0,2
2011,4,23,68.0,2
2011,4,24,76.0,3
2011,4,25,75.0,3
2011,4,26,64.0,2
2011,4,27,71.0,2
2011,4,28,64.0,2
2011,4,29,75.0,3
2011,4,30,77.0,3
2011,5,1,90.0,3
2011,5,2,73.0,2
2011,5,3,68.0,2
2011,5,4,80.0,3
2011,5,5,72.0,2
2011,5,6,99.0,3
2011,5,7,86.0,3
2011,5,8,76.0,3
2011,5,9,57.0,2
2011,5,10,73.0,2
2011,5,11,80.0,3
2011,5,12,73.0,2
2011,5,13,85.0,3
2011,5,14,86.0,3
2011,5,15,80.0,3
2011,5,16,72.0,2
2011,5,17,63.0,2
2011,5,18,59.0,2
2011,5,19,64.0,2
2011,5,20,67.0,2
2011,5,21,77.0,3
2011,5,22,68.0,2
2011,5,23,77.0,3
2011,5,24,64.0,2
2011,5,25,64.0,2
2011,5,26,59.0,2
2011,5,27,67.0,2
2011,5,28,109.0,4
2011,5,29,66.0,2
2011,5,30,70.0,2
2011,5,31,70.0,2
2011,6,1,75.0,3
2011,6,2,78.0,3
2011,6,3,62.0,2
2011,6,4,80.0,3
2011,6,5,64.0,2
2011,6,6,101.0,4
2011,6,7,70.0,2
2011,6,8,84.0,3
2011,6,9,65.0,2
2011,6,10,110.0,4
2011,6,11,81.0,3
2011,6,12,75.0,3
2011,6,13,82.0,3
2011,6,14,74.0,2
2011,6,15,649.0,8
2011,6,16,111.0,4
2011,6,17,105.0,4
2011,6,18,103.0,4
2011,6,19,43.0,1
2011,6,20,81.0,3
2011,6,21,68.0,2
2011,6,22,58.0,2
2011,6,23,61.0,2
2011,6,24,75.0,3
2011,6,25,63.0,2
2011,6,26,82.0,3
2011,6,27,76.0,3
2011,6,28,63.0,2
2011,6,29,86.0,3
2011,6,30,76.0,3
2011,7,1,111.0,4
2011,7,2,81.0,3
2011,7,3,92.0,3
2011,7,4,88.0,3
2011,7,5,93.0,3
2011,7,6,84.0,3
2011,7,7,75.0,3
2011,7,8,72.0,2
2011,7,9,91.0,3
2011,7,10,64.0,2
2011,7,11,90.0,3
2011,7,12,85.0,3
2011,7,13,86.0,3
2011,7,14,100.0,4
2011,7,15,106.0,4
2011,7,16,95.0,3
2011,7,17,91.0,3
2011,7,18,90.0,3
2011,7,19,84.0,3
2011,7,20,97.0,3
2011,7,21,96.0,3
2011,7,22,100.0,4
2011,7,23,87.0,3
2011,7,24,89.0,3
2011,7,25,82.0,3
2011,7,26,62.0,2
2011,7,27,50.0,2
2011,7,28,77.0,3
2011,7,29,84.0,3
2011,7,30,110.0,4
2011,7,31,82.0,3
2011,8,1,79.0,3
2011,8,2,88.0,3
2011,8,3,67.0,2
2011,8,4,77.0,3
2011,8,5,74.0,2
2011,8,6,80.0,3
2011,8,7,108.0,4
2011,8,8,89.0,3
2011,8,9,90.0,3
2011,8,10,80.0,3
2011,8,11,82.0,3
2011,8,12,94.0,3
2011,8,13,89.0,3
2011,8,14,68.0,2
2011,8,15,73.0,2
2011,8,16,75.0,3
2011,8,17,83.0,3
2011,8,18,82.0,3
2011,8,19,90.0,3
2011,8,20,84.0,3
2011,8,21,75.0,3
2011,8,22,71.0,2
2011,8,23,81.0,3
2011,8,24,64.0,2
2011,8,25,69.0,2
2011,8,26,86.0,3
2011,8,27,61.0,2
2011,8,28,91.0,3
2011,8,29,71.0,2
2011,8,30,82.0,3
2011,8,31,86.0,3
2011,9,1,90.0,3
2011,9,2,101.0,4
2011,9,3,94.0,3
2011,9,4,77.0,3
2011,9,5,105.0,4
2011,9,6,80.0,3
2011,9,7,93.0,3
2011,9,8,90.0,3
2011,9,9,85.0,3
2011,9,10,96.0,3
2011,9,11,80.0,3
2011,9,12,91.0,3
2011,9,13,74.0,2
2011,9,14,73.0,2
2011,9,15,92.0,3
2011,9,16,107.0,4
2011,9,17,95.0,3
2011,9,18,79.0,3
2011,9,19,57.0,2
2011,9,20,64.0,2
2011,9,21,51.0,2
2011,9,22,55.0,2
2011,9,23,80.0,3
2011,9,24,82.0,3
2011,9,25,69.0,2
2011,9,26,72.0,2
2011,9,27,71.0,2
2011,9,28,95.0,3
2011,9,29,63.0,2
2011,9,30,78.0,3
2011,10,1,88.0,3
2011,10,2,70.0,2
2011,10,3,83.0,3
2011,10,4,80.0,3
2011,10,5,80.0,3
2011,10,6,69.0,2
2011,10,7,78.0,3
2011,10,8,77.0,3
2011,10,9,59.0,2
2011,10,10,84.0,3
2011,10,11,80.0,3
2011,10,12,97.0,3
2011,10,13,66.0,2
2011,10,14,87.0,3
2011,10,15,91.0,3
2011,10,16,65.0,2
2011,10,17,63.0,2
2011,10,18,75.0,3
2011,10,19,62.0,2
2011,10,20,57.0,2
2011,10,21,80.0,3
2011,10,22,84.0,3
2011,10,23,68.0,2
2011,10,24,75.0,3
2011,10,25,61.0,2
2011,10,26,50.0,2
2011,10,27,59.0,2
2011,10,28,71.0,2
2011,10,29,75.0,3
2011,10,30,67.0,2
2011,10,31,98.0,3
2011,11,1,79.0,3
2011,11,2,74.0,2
2011,11,3,65.0,2
2011,11,4,88.0,3
2011,11,5,79.0,3
2011,11,6,51.0,2
2011,11,7,74.0,2
2011,11,8,85.0,3
2011,11,9,72.0,2
2011,11,10,72.0,2
2011,11,11,83.0,3
2011,11,12,79.0,3
2011,11,13,73.0,2
2011,11,14,77.0,3
2011,11,15,109.0,4
2011,11,16,69.0,2
2011,11,17,71.0,2
2011,11,18,74.0,2
2011,11,19,84.0,3
2011,11,20,75.0,3
2011,11,21,87.0,3
2011,11,22,69.0,2
2011,11,23,53.0,2
2011,11,24,65.0,2
2011,11,25,80.0,3
2011,11,26,78.0,3
2011,11,27,63.0,2
2011,11,28,82.0,3
2011,11,29,64.0,2
2011,11,30,80.0,3
2011,12,1,73.0,2
2011,12,2,86.0,3
2011,12,3,91.0,3
2011,12,4,66.0,2
2011,12,5,63.0,2
2011,12,6,69.0,2
2011,12,7,88.0,3
2011,12,8,75.0,3
2011,12,9,74.0,2
2011,12,10,71.0,2
2011,12,11,77.0,3
2011,12,12,62.0,2
2011,12,13,69.0,2
2011,12,14,79.0,3
2011,12,15,67.0,2
2011,12,16,75.0,3
2011,12,17,82.0,3
2011,12,18,59.0,2
2011,12,19,75.0,3
2011,12,20,85.0,3
2011,12,21,48.0,1
2011,12,22,64.0,2
2011,12,23,76.0,3
2011,12,24,82.0,3
2011,12,25,62.0,2
2011,12,26,72.0,2
2011,12,27,63.0,2
2011,12,28,81.0,3
2011,12,29,77.0,3
2011,12,30,68.0,2
2011,12,31,77.0,3
2012,1,1,104.0,4
2012,1,2,84.0,3
2012,1,3,86.0,3
2012,1,4,76.0,3
2012,1,5,55.0,2
2012,1,6,72.0,2
2012,1,7,67.0,2
2012,1,8,94.0,3
2012,1,9,87.0,3
2012,1,10,57.0,2
2012,1,11,82.0,3
2012,1,12,75.0,3
2012,1,13,93.0,3
2012,1,14,75.0,3
2012,1,15,75.0,3
2012,1,16,67.0,2
2012,1,17,79.0,3
2012,1,18,72.0,2
2012,1,19,61.0,2
2012,1,20,90.0,3
2012,1,21,91.0,3
2012,1,22,66.0,2
2012,1,23,71.0,2
2012,1,24,75.0,3
2012,1,25,54.0,2
2012,1,26,51.0,2
2012,1,27,74.0,2
2012,1,28,73.0,2
2012,1,29,71.0,2
2012,1,30,79.0,3
2012,1,31,69.0,2
2012,2,1,87.0,3
2012,2,2,68.0,2
2012,2,3,90.0,3
2012,2,4,110.0,4
2012,2,5,79.0,3
2012,2,6,75.0,3
2012,2,7,54.0,2
2012,2,8,91.0,3
2012,2,9,56.0,2
2012,2,10,88.0,3
2012,2,11,77.0,3
2012,2,12,60.0,2
2012,2,13,98.0,3
2012,2,14,89.0,3
2012,2,15,80.0,3
2012,2,16,66.0,2
2012,2,17,69.0,2
2012,2,18,90.0,3
2012,2,19,64.0,2
2012,2,20,61.0,2
2012,2,21,74.0,2
2012,2,22,63.0,2
2012,2,23,57.0,2
2012,2,24,70.0,2
2012,2,25,71.0,2
2012,2,26,77.0,3
2012,2,27,72.0,2
2012,2,28,73.0,2
2012,2,29,74.0,2
2012,3,1,75.0,3
2012,3,2,82.0,3
2012,3,3,76.0,3
2012,3,4,63.0,2
2012,3,5,68.0,2
2012,3,6,91.0,3
2012,3,7,67.0,2
2012,3,8,81.0,3
2012,3,9,77.0,3
2012,3,10,61.0,2
2012,3,11,79.0,3
2012,3,12,68.0,2
2012,3,13,93.0,3
2012,3,14,56.0,2
2012,3,15,93.0,3
2012,3,16,100.0,4
2012,3,17,82.0,3
2012,3,18,85.0,3
2012,3,19,119.0,4
2012,3,20,58.0,2
2012,3,21,46.0,1
2012,3,22,56.0,2
2012,3,23,81.0,3
2012,3,24,89.0,3
2012,3,25,72.0,2
2012,3,26,60.0,2
2012,3,27,79.0,3
2012,3,28,73.0,2
2012,3,29,98.0,3
2012,3,30,89.0,3
2012,3,31,88.0,3
2012,4,1,77.0,3
2012,4,2,74.0,2
2012,4,3,71.0,2
2012,4,4,54.0,2
2012,4,5,85.0,3
2012,4,6,80.0,3
2012,4,7,79.0,3
2012,4,8,95.0,3
2012,4,9,78.0,3
2012,4,10,96.0,3
2012,4,11,88.0,3
2012,4,12,71.0,2
2012,4,13,90.0,3
2012,4,14,109.0,4
2012,4,15,80.0,3
2012,4,16,89.0,3
2012,4,17,79.0,3
2012,4,18,80.0,3
2012,4,19,63.0,2
2012,4,20,80.0,3
2012,4,21,80.0,3
2012,4,22,71.0,2
2012,4,23,84.0,3
2012,4,24,82.0,3
2012,4,25,48.0,1
2012,4,26,65.0,2
2012,4,27,81.0,3
2012,4,28,86.0,3
2012,4,29,71.0,2
2012,4,30,85.0,3
2012,5,1,71.0,2
2012,5,2,72.0,2
2012,5,3,66.0,2
2012,5,4,78.0,3
2012,5,5,91.0,3
2012,5,6,72.0,2
2012,5,7,67.0,2
2012,5,8,84.0,3
2012,5,9,85.0,3
2012,5,10,84.0,3
2012,5,11,86.0,3
2012,5,12,101.0,4
2012,5,13,81.0,3
2012,5,14,100.0,4
2012,5,15,78.0,3
2012,5,16,88.0,3
2012,5,17,81.0,3
2012,5,18,67.0,2
2012,5,19,78.0,3
2012,5,20,76.0,3
2012,5,21,62.0,2
2012,5,22,54.0,2
2012,5,23,56.0,2
2012,5,24,81.0,3
2012,5,25,73.0,2
2012,5,26,80.0,3
2012,5,27,70.0,2
2012,5,28,76.0,3
2012,5,29,67.0,2
2012,5,30,64.0,2
2012,5,31,62.0,2
2012,6,1,92.0,3
2012,6,2,75.0,3
2012,6,3,80.0,3
2012,6,4,86.0,3
2012,6,5,56.0,2
2012,6,6,73.0,2
2012,6,7,85.0,3
2012,6,8,99.0,3
2012,6,9,82.0,3
2012,6,10,87.0,3
2012,6,11,79.0,3
2012,6,12,98.0,3
2012,6,13,94.0,3
2012,6,14,84.0,3
2012,6,15,104.0,4
2012,6,16,85.0,3
2012,6,17,70.0,2
2012,6,18,82.0,3
2012,6,19,81.0,3
2012,6,20,93.0,3
2012,6,21,86.0,3
2012,6,22,77.0,3
2012,6,23,72.0,2
2012,6,24,99.0,3
2012,6,25,74.0,2
2012,6,26,82.0,3
2012,6,27,49.0,1
2012,6,28,85.0,3
2012,6,29,88.0,3
2012,6,30,87.0,3
2012,7,1,98.0,3
2012,7,2,82.0,3
2012,7,3,77.0,3
2012,7,4,86.0,3
2012,7,5,89.0,3
2012,7,6,90.0,3
2012,7,7,77.0,3
2012,7,8,85.0,3
2012,7,9,76.0,3
2012,7,10,63.0,2
2012,7,11,78.0,3
2012,7,12,78.0,3
2012,7,13,92.0,3
2012,7,14,72.0,2
2012,7,15,83.0,3
2012,7,16,82.0,3
2012,7,17,82.0,3
2012,7,18,67.0,2
2012,7,19,75.0,3
2012,7,20,82.0,3
2012,7,21,74.0,2
2012,7,22,73.0,2
2012,7,23,74.0,2
2012,7,24,84.0,3
2012,7,25,67.0,2
2012,7,26,64.0,2
2012,7,27,61.0,2
2012,7,28,56.0,2
2012,7,29,48.0,1
2012,7,30,73.0,2
2012,7,31,76.0,3
2012,8,1,103.0,4
2012,8,2,75.0,3
2012,8,3,81.0,3
2012,8,4,107.0,4
2012,8,5,86.0,3
2012,8,6,79.0,3
2012,8,7,81.0,3
2012,8,8,90.0,3
2012,8,9,84.0,3
2012,8,10,109.0,4
2012,8,11,105.0,4
2012,8,12,89.0,3
2012,8,13,75.0,3
2012,8,14,92.0,3
2012,8,15,102.0,4
2012,8,16,89.0,3
2012,8,17,101.0,4
2012,8,18,92.0,3
2012,8,19,77.0,3
2012,8,20,94.0,3
2012,8,21,91.0,3
2012,8,22,97.0,3
2012,8,23,99.0,3
2012,8,24,94.0,3
2012,8,25,107.0,4
2012,8,26,95.0,3
2012,8,27,82.0,3
2012,8,28,82.0,3
2012,8,29,71.0,2
2012,8,30,71.0,2
2012,8,31,84.0,3
2012,9,1,107.0,4
2012,9,2,82.0,3
2012,9,3,85.0,3
2012,9,4,73.0,2
2012,9,5,73.0,2
2012,9,6,88.0,3
2012,9,7,90.0,3
2012,9,8,117.0,4
2012,9,9,88.0,3
2012,9,10,84.0,3
2012,9,11,74.0,2
2012,9,12,98.0,3
2012,9,13,67.0,2
2012,9,14,102.0,4
2012,9,15,109.0,4
2012,9,16,82.0,3
2012,9,17,95.0,3
2012,9,18,97.0,3
2012,9,19,105.0,4
2012,9,20,104.0,4
2012,9,21,91.0,3
2012,9,22,94.0,3
2012,9,23,92.0,3
2012,9,24,82.0,3
2012,9,25,64.0,2
2012,9,26,43.0,1
2012,9,27,81.0,3
2012,9,28,64.0,2
2012,9,29,106.0,4
2012,9,30,79.0,3
2012,10,1,78.0,3
2012,10,2,80.0,3
2012,10,3,83.0,3
2012,10,4,79.0,3
2012,10,5,74.0,2
2012,10,6,85.0,3
2012,10,7,72.0,2
2012,10,8,101.0,4
2012,10,9,105.0,4
2012,10,10,82.0,3
2012,10,11,86.0,3
2012,10,12,58.0,2
2012,10,13,72.0,2
2012,10,14,64.0,2
2012,10,15,96.0,3
2012,10,16,84.0,3
2012,10,17,90.0,3
2012,10,18,74.0,2
2012,10,19,65.0,2
2012,10,20,78.0,3
2012,10,21,72.0,2
2012,10,22,80.0,3
2012,10,23,79.0,3
2012,10,24,62.0,2
2012,10,25,69.0,2
2012,10,26,83.0,3
2012,10,27,91.0,3
2012,10,28,89.0,3
2012,10,29,62.0,2
2012,10,30,66.0,2
2012,10,31,88.0,3
2012,11,1,121.0,4
2012,11,2,103.0,4
2012,11,3,85.0,3
2012,11,4,74.0,2
2012,11,5,87.0,3
2012,11,6,92.0,3
2012,11,7,97.0,3
2012,11,8,88.0,3
2012,11,9,83.0,3
2012,11,10,76.0,3
2012,11,11,78.0,3
2012,11,12,78.0,3
2012,11,13,97.0,3
2012,11,14,99.0,3
2012,11,15,91.0,3
2012,11,16,90.0,3
2012,11,17,90.0,3
2012,11,18,82.0,3
2012,11,19,96.0,3
2012,11,20,76.0,3
2012,11,21,61.0,2
2012,11,22,64.0,2
2012,11,23,91.0,3
2012,11,24,73.0,2
2012,11,25,84.0,3
2012,11,26,80.0,3
2012,11,27,70.0,2
2012,11,28,76.0,3
2012,11,29,71.0,2
2012,11,30,98.0,3
2012,12,1,96.0,3
2012,12,2,62.0,2
2012,12,3,82.0,3
2012,12,4,82.0,3
2012,12,5,68.0,2
2012,12,6,88.0,3
2012,12,7,79.0,3
2012,12,8,84.0,3
2012,12,9,84.0,3
2012,12,10,64.0,2
2012,12,11,76.0,3
2012,12,12,85.0,3
2012,12,13,78.0,3
2012,12,14,78.0,3
2012,12,15,89.0,3
2012,12,16,79.0,3
2012,12,17,62.0,2
2012,12,18,60.0,2
2012,12,19,58.0,2
2012,12,20,56.0,2
2012,12,21,82.0,3
2012,12,22,72.0,2
2012,12,23,75.0,3
2012,12,24,62.0,2
2012,12,25,57.0,2
2012,12,26,73.0,2
2012,12,27,90.0,3
2012,12,28,78.0,3
2012,12,29,82.0,3
2012,12,30,85.0,3
2012,12,31,75.0,3
2013,1,1,100.0,4
2013,1,2,80.0,3
2013,1,3,82.0,3
2013,1,4,91.0,3
2013,1,5,85.0,3
2013,1,6,65.0,2
2013,1,7,64.0,2
2013,1,8,55.0,2
2013,1,9,58.0,2
2013,1,10,61.0,2
2013,1,11,81.0,3
2013,1,12,70.0,2
2013,1,13,78.0,3
2013,1,14,78.0,3
2013,1,15,63.0,2
2013,1,16,62.0,2
2013,1,17,71.0,2
2013,1,18,63.0,2
2013,1,19,75.0,3
2013,1,20,81.0,3
2013,1,21,65.0,2
2013,1,22,65.0,2
2013,1,23,62.0,2
2013,1,24,66.0,2
2013,1,25,55.0,2
2013,1,26,60.0,2
2013,1,27,60.0,2
2013,1,28,57.0,2
2013,1,29,55.0,2
2013,1,30,45.0,1
2013,1,31,75.0,3
2013,2,1,77.0,3
2013,2,2,64.0,2
2013,2,3,54.0,2
2013,2,4,66.0,2
2013,2,5,87.0,3
2013,2,6,63.0,2
2013,2,7,88.0,3
2013,2,8,68.0,2
2013,2,9,78.0,3
2013,2,10,59.0,2
2013,2,11,90.0,3
2013,2,12,69.0,2
2013,2,13,57.0,2
2013,2,14,57.0,2
2013,2,15,79.0,3
2013,2,16,78.0,3
2013,2,17,71.0,2
2013,2,18,68.0,2
2013,2,19,64.0,2
2013,2,20,56.0,2
2013,2,21,57.0,2
2013,2,22,67.0,2
2013,2,23,70.0,2
2013,2,24,73.0,2
2013,2,25,60.0,2
2013,2,26,56.0,2
2013,2,27,66.0,2
2013,2,28,83.0,3
2013,3,1,105.0,4
2013,3,2,70.0,2
2013,3,3,65.0,2
2013,3,4,67.0,2
2013,3,5,64.0,2
2013,3,6,64.0,2
2013,3,7,102.0,4
2013,3,8,77.0,3
2013,3,9,75.0,3
2013,3,10,78.0,3
2013,3,11,79.0,3
2013,3,12,87.0,3
2013,3,13,78.0,3
2013,3,14,88.0,3
2013,3,15,96.0,3
2013,3,16,95.0,3
2013,3,17,69.0,2
2013,3,18,61.0,2
2013,3,19,65.0,2
2013,3,20,54.0,2
2013,3,21,55.0,2
2013,3,22,92.0,3
2013,3,23,79.0,3
2013,3,24,89.0,3
2013,3,25,84.0,3
2013,3,26,93.0,3
2013,3,27,66.0,2
2013,3,28,66.0,2
2013,3,29,89.0,3
2013,3,30,99.0,3
2013,3,31,85.0,3
2013,4,1,87.0,3
2013,4,2,78.0,3
2013,4,3,76.0,3
2013,4,4,79.0,3
2013,4,5,108.0,4
2013,4,6,99.0,3
2013,4,7,82.0,3
2013,4,8,93.0,3
2013,4,9,93.0,3
2013,4,10,63.0,2
2013,4,11,108.0,4
2013,4,12,76.0,3
2013,4,13,102.0,4
2013,4,14,88.0,3
2013,4,15,73.0,2
2013,4,16,82.0,3
2013,4,17,78.0,3
2013,4,18,92.0,3
2013,4,19,84.0,3
2013,4,20,80.0,3
2013,4,21,67.0,2
2013,4,22,78.0,3
2013,4,23,68.0,2
2013,4,24,45.0,1
2013,4,25,71.0,2
2013,4,26,75.0,3
2013,4,27,68.0,2
2013,4,28,86.0,3
2013,4,29,67.0,2
2013,4,30,82.0,3
2013,5,1,79.0,3
2013,5,2,64.0,2
2013,5,3,70.0,2
2013,5,4,96.0,3
2013,5,5,94.0,3
2013,5,6,96.0,3
2013,5,7,77.0,3
2013,5,8,94.0,3
2013,5,9,74.0,2
2013,5,10,95.0,3
2013,5,11,95.0,3
2013,5,12,73.0,2
2013,5,13,74.0,2
2013,5,14,68.0,2
2013,5,15,94.0,3
2013,5,16,83.0,3
2013,5,17,83.0,3
2013,5,18,101.0,4
2013,5,19,78.0,3
2013,5,20,96.0,3
2013,5,21,88.0,3
2013,5,22,74.0,2
2013,5,23,64.0,2
2013,5,24,69.0,2
2013,5,25,82.0,3
2013,5,26,85.0,3
2013,5,27,73.0,2
2013,5,28,72.0,2
2013,5,29,85.0,3
2013,5,30,67.0,2
2013,5,31,85.0,3
2013,6,1,103.0,4
2013,6,2,81.0,3
2013,6,3,83.0,3
2013,6,4,100.0,4
2013,6,5,91.0,3
2013,6,6,85.0,3
2013,6,7,87.0,3
2013,6,8,84.0,3
2013,6,9,73.0,2
2013,6,10,59.0,2
2013,6,11,81.0,3
2013,6,12,89.0,3
2013,6,13,86.0,3
2013,6,14,67.0,2
2013,6,15,89.0,3
2013,6,16,86.0,3
2013,6,17,103.0,4
2013,6,18,89.0,3
2013,6,19,82.0,3
2013,6,20,102.0,4
2013,6,21,87.0,3
2013,6,22,84.0,3
2013,6,23,83.0,3
2013,6,24,83.0,3
2013,6,25,52.0,2
2013,6,26,61.0,2
2013,6,27,71.0,2
2013,6,28,81.0,3
2013,6,29,75.0,3
2013,6,30,70.0,2
2013,7,1,90.0,3
2013,7,2,94.0,3
2013,7,3,88.0,3
2013,7,4,93.0,3
2013,7,5,92.0,3
2013,7,6,77.0,3
2013,7,7,86.0,3
2013,7,8,72.0,2
2013,7,9,79.0,3
2013,7,10,64.0,2
2013,7,11,88.0,3
2013,7,12,103.0,4
2013,7,13,94.0,3
2013,7,14,89.0,3
2013,7,15,84.0,3
2013,7,16,87.0,3
2013,7,17,79.0,3
2013,7,18,91.0,3
2013,7,19,89.0,3
2013,7,20,96.0,3
2013,7,21,86.0,3
2013,7,22,84.0,3
2013,7,23,73.0,2
2013,7,24,59.0,2
2013,7,25,86.0,3
2013,7,26,81.0,3
2013,7,27,86.0,3
2013,7,28,65.0,2
2013,7,29,72.0,2
2013,7,30,78.0,3
2013,7,31,107.0,4
2013,8,1,74.0,2
2013,8,2,91.0,3
2013,8,3,87.0,3
2013,8,4,78.0,3
2013,8,5,86.0,3
2013,8,6,68.0,2
2013,8,7,104.0,4
2013,8,8,89.0,3
2013,8,9,87.0,3
2013,8,10,97.0,3
2013,8,11,89.0,3
2013,8,12,67.0,2
2013,8,13,67.0,2
2013,8,14,94.0,3
2013,8,15,93.0,3
2013,8,16,81.0,3
2013,8,17,83.0,3
2013,8,18,85.0,3
2013,8,19,87.0,3
2013,8,20,81.0,3
2013,8,21,95.0,3
2013,8,22,90.0,3
2013,8,23,85.0,3
2013,8,24,99.0,3
2013,8,25,97.0,3
2013,8,26,86.0,3
2013,8,27,74.0,2
2013,8,28,52.0,2
2013,8,29,64.0,2
2013,8,30,69.0,2
2013,8,31,84.0,3
2013,9,1,82.0,3
2013,9,2,91.0,3
2013,9,3,86.0,3
2013,9,4,66.0,2
2013,9,5,81.0,3
2013,9,6,84.0,3
2013,9,7,95.0,3
2013,9,8,68.0,2
2013,9,9,83.0,3
2013,9,10,92.0,3
2013,9,11,95.0,3
2013,9,12,83.0,3
2013,9,13,84.0,3
2013,9,14,109.0,4
2013,9,15,86.0,3
2013,9,16,75.0,3
2013,9,17,91.0,3
2013,9,18,63.0,2
2013,9,19,95.0,3
2013,9,20,93.0,3
2013,9,21,112.0,4
2013,9,22,79.0,3
2013,9,23,84.0,3
2013,9,24,81.0,3
2013,9,25,61.0,2
2013,9,26,54.0,2
2013,9,27,62.0,2
2013,9,28,64.0,2
2013,9,29,61.0,2
2013,9,30,57.0,2
2013,10,1,70.0,2
2013,10,2,94.0,3
2013,10,3,75.0,3
2013,10,4,77.0,3
2013,10,5,72.0,2
2013,10,6,74.0,2
2013,10,7,83.0,3
2013,10,8,66.0,2
2013,10,9,67.0,2
2013,10,10,78.0,3
2013,10,11,88.0,3
2013,10,12,93.0,3
2013,10,13,79.0,3
2013,10,14,82.0,3
2013,10,15,95.0,3
2013,10,16,101.0,4
2013,10,17,95.0,3
2013,10,18,75.0,3
2013,10,19,96.0,3
2013,10,20,80.0,3
2013,10,21,87.0,3
2013,10,22,78.0,3
2013,10,23,61.0,2
2013,10,24,65.0,2
2013,10,25,98.0,3
2013,10,26,95.0,3
2013,10,27,71.0,2
2013,10,28,94.0,3
2013,10,29,90.0,3
2013,10,30,91.0,3
2013,10,31,102.0,4
2013,11,1,106.0,4
2013,11,2,91.0,3
2013,11,3,89.0,3
2013,11,4,79.0,3
2013,11,5,95.0,3
2013,11,6,97.0,3
2013,11,7,79.0,3
2013,11,8,80.0,3
2013,11,9,114.0,4
2013,11,10,84.0,3
2013,11,11,102.0,4
2013,11,12,89.0,3
2013,11,13,68.0,2
2013,11,14,104.0,4
2013,11,15,103.0,4
2013,11,16,99.0,3
2013,11,17,92.0,3
2013,11,18,72.0,2
2013,11,19,87.0,3
2013,11,20,55.0,2
2013,11,21,73.0,2
2013,11,22,74.0,2
2013,11,23,75.0,3
2013,11,24,86.0,3
2013,11,25,84.0,3
2013,11,26,70.0,2
2013,11,27,84.0,3
2013,11,28,79.0,3
2013,11,29,71.0,2
2013,11,30,71.0,2
2013,12,1,83.0,3
2013,12,2,82.0,3
2013,12,3,90.0,3
2013,12,4,74.0,2
2013,12,5,93.0,3
2013,12,6,89.0,3
2013,12,7,88.0,3
2013,12,8,74.0,2
2013,12,9,60.0,2
2013,12,10,73.0,2
2013,12,11,72.0,2
2013,12,12,79.0,3
2013,12,13,100.0,4
2013,12,14,100.0,4
2013,12,15,80.0,3
2013,12,16,89.0,3
2013,12,17,67.0,2
2013,12,18,60.0,2
2013,12,19,63.0,2
2013,12,20,70.0,2
2013,12,21,65.0,2
2013,12,22,70.0,2
2013,12,23,64.0,2
2013,12,24,83.0,3
2013,12,25,49.0,1
2013,12,26,67.0,2
2013,12,27,75.0,3
2013,12,28,90.0,3
2013,12,29,84.0,3
2013,12,30,73.0,2
2013,12,31,102.0,4
2014,1,1,124.0,4
2014,1,2,87.0,3
2014,1,3,74.0,2
2014,1,4,70.0,2
2014,1,5,90.0,3
2014,1,6,69.0,2
2014,1,7,91.0,3
2014,1,8,87.0,3
2014,1,9,61.0,2
2014,1,10,106.0,4
2014,1,11,99.0,3
2014,1,12,72.0,2
2014,1,13,72.0,2
2014,1,14,73.0,2
2014,1,15,72.0,2
2014,1,16,87.0,3
2014,1,17,79.0,3
2014,1,18,75.0,3
2014,1,19,104.0,4
2014,1,20,73.0,2
2014,1,21,84.0,3
2014,1,22,62.0,2
2014,1,23,54.0,2
2014,1,24,71.0,2
2014,1,25,80.0,3
2014,1,26,88.0,3
2014,1,27,59.0,2
2014,1,28,74.0,2
2014,1,29,94.0,3
2014,1,30,70.0,2
2014,1,31,60.0,2
2014,2,1,91.0,3
2014,2,2,81.0,3
2014,2,3,73.0,2
2014,2,4,70.0,2
2014,2,5,64.0,2
2014,2,6,86.0,3
2014,2,7,88.0,3
2014,2,8,89.0,3
2014,2,9,85.0,3
2014,2,10,58.0,2
2014,2,11,62.0,2
2014,2,12,93.0,3
2014,2,13,85.0,3
2014,2,14,67.0,2
2014,2,15,72.0,2
2014,2,16,87.0,3
2014,2,17,81.0,3
2014,2,18,74.0,2
2014,2,19,83.0,3
2014,2,20,89.0,3
2014,2,21,91.0,3
2014,2,22,85.0,3
2014,2,23,84.0,3
2014,2,24,58.0,2
2014,2,25,62.0,2
2014,2,26,60.0,2
2014,2,27,62.0,2
2014,2,28,61.0,2
2014,3,1,87.0,3
2014,3,2,63.0,2
2014,3,3,70.0,2
2014,3,4,60.0,2
2014,3,5,80.0,3
2014,3,6,87.0,3
2014,3,7,95.0,3
2014,3,8,85.0,3
2014,3,9,64.0,2
2014,3,10,76.0,3
2014,3,11,73.0,2
2014,3,12,83.0,3
2014,3,13,82.0,3
2014,3,14,78.0,3
2014,3,15,75.0,3
2014,3,16,76.0,3
2014,3,17,81.0,3
2014,3,18,70.0,2
2014,3,19,73.0,2
2014,3,20,98.0,3
2014,3,21,88.0,3
2014,3,22,99.0,3
2014,3,23,72.0,2
2014,3,24,97.0,3
2014,3,25,75.0,3
2014,3,26,63.0,2
2014,3,27,71.0,2
2014,3,28,79.0,3
2014,3,29,74.0,2
2014,3,30,90.0,3
2014,3,31,83.0,3
2014,4,1,88.0,3
2014,4,2,92.0,3
2014,4,3,80.0,3
2014,4,4,75.0,3
2014,4,5,92.0,3
2014,4,6,78.0,3
2014,4,7,81.0,3
2014,4,8,85.0,3
2014,4,9,86.0,3
2014,4,10,74.0,2
2014,4,11,92.0,3
2014,4,12,96.0,3
2014,4,13,102.0,4
2014,4,14,94.0,3
2014,4,15,83.0,3
2014,4,16,94.0,3
2014,4,17,116.0,4
2014,4,18,87.0,3
2014,4,19,92.0,3
2014,4,20,84.0,3
2014,4,21,89.0,3
2014,4,22,81.0,3
2014,4,23,58.0,2
2014,4,24,49.0,1
2014,4,25,74.0,2
2014,4,26,74.0,2
2014,4,27,78.0,3
2014,4,28,75.0,3
2014,4,29,68.0,2
2014,4,30,80.0,3
2014,5,1,99.0,3
2014,5,2,104.0,4
2014,5,3,94.0,3
2014,5,4,61.0,2
2014,5,5,95.0,3
2014,5,6,81.0,3
2014,5,7,77.0,3
2014,5,8,86.0,3
2014,5,9,85.0,3
2014,5,10,96.0,3
2014,5,11,103.0,4
2014,5,12,92.0,3
2014,5,13,83.0,3
2014,5,14,88.0,3
2014,5,15,102.0,4
2014,5,16,91.0,3
2014,5,17,99.0,3
2014,5,18,97.0,3
2014,5,19,82.0,3
2014,5,20,107.0,4
2014,5,21,74.0,2
2014,5,22,101.0,4
2014,5,23,116.0,4
2014,5,24,122.0,4
2014,5,25,97.0,3
2014,5,26,98.0,3
2014,5,27,90.0,3
2014,5,28,61.0,2
2014,5,29,66.0,2
2014,5,30,77.0,3
2014,5,31,79.0,3
2014,6,1,104.0,4
2014,6,2,95.0,3
2014,6,3,82.0,3
2014,6,4,88.0,3
2014,6,5,89.0,3
2014,6,6,117.0,4
2014,6,7,117.0,4
2014,6,8,97.0,3
2014,6,9,86.0,3
2014,6,10,87.0,3
2014,6,11,91.0,3
2014,6,12,88.0,3
2014,6,13,117.0,4
2014,6,14,65.0,2
2014,6,15,84.0,3
2014,6,16,89.0,3
2014,6,17,87.0,3
2014,6,18,92.0,3
2014,6,19,88.0,3
2014,6,20,108.0,4
2014,6,21,90.0,3
2014,6,22,96.0,3
2014,6,23,111.0,4
2014,6,24,79.0,3
2014,6,25,79.0,3
2014,6,26,79.0,3
2014,6,27,109.0,4
2014,6,28,84.0,3
2014,6,29,74.0,2
2014,6,30,97.0,3
2014,7,1,101.0,4
2014,7,2,91.0,3
2014,7,3,112.0,4
2014,7,4,132.0,5
2014,7,5,99.0,3
2014,7,6,99.0,3
2014,7,7,107.0,4
2014,7,8,110.0,4
2014,7,9,113.0,4
2014,7,10,91.0,3
2014,7,11,95.0,3
2014,7,12,90.0,3
2014,7,13,94.0,3
2014,7,14,99.0,3
2014,7,15,125.0,5
2014,7,16,108.0,4
2014,7,17,118.0,4
2014,7,18,95.0,3
2014,7,19,114.0,4
2014,7,20,98.0,3
2014,7,21,126.0,5
2014,7,22,89.0,3
2014,7,23,83.0,3
2014,7,24,75.0,3
2014,7,25,94.0,3
2014,7,26,97.0,3
2014,7,27,102.0,4
2014,7,28,109.0,4
2014,7,29,112.0,4
2014,7,30,120.0,4
2014,7,31,76.0,3
2014,8,1,127.0,5
2014,8,2,114.0,4
2014,8,3,94.0,3
2014,8,4,96.0,3
2014,8,5,98.0,3
2014,8,6,117.0,4
2014,8,7,94.0,3
2014,8,8,102.0,4
2014,8,9,119.0,4
2014,8,10,103.0,4
2014,8,11,93.0,3
2014,8,12,106.0,4
2014,8,13,101.0,4
2014,8,14,128.0,5
2014,8,15,144.0,5
2014,8,16,96.0,3
2014,8,17,113.0,4
2014,8,18,91.0,3
2014,8,19,96.0,3
2014,8,20,94.0,3
2014,8,21,111.0,4
2014,8,22,113.0,4
2014,8,23,97.0,3
2014,8,24,106.0,4
2014,8,25,107.0,4
2014,8,26,86.0,3
2014,8,27,76.0,3
2014,8,28,68.0,2
2014,8,29,98.0,3
2014,8,30,87.0,3
2014,8,31,116.0,4
2014,9,1,129.0,5
2014,9,2,114.0,4
2014,9,3,95.0,3
2014,9,4,72.0,2
2014,9,5,117.0,4
2014,9,6,116.0,4
2014,9,7,116.0,4
2014,9,8,84.0,3
2014,9,9,85.0,3
2014,9,10,112.0,4
2014,9,11,112.0,4
2014,9,12,108.0,4
2014,9,13,108.0,4
2014,9,14,100.0,4
2014,9,15,102.0,4
2014,9,16,117.0,4
2014,9,17,83.0,3
2014,9,18,93.0,3
2014,9,19,102.0,4
2014,9,20,119.0,4
2014,9,21,85.0,3
2014,9,22,93.0,3
2014,9,23,91.0,3
2014,9,24,75.0,3
2014,9,25,64.0,2
2014,9,26,119.0,4
2014,9,27,98.0,3
2014,9,28,89.0,3
2014,9,29,92.0,3
2014,9,30,95.0,3
2014,10,1,111.0,4
2014,10,2,96.0,3
2014,10,3,104.0,4
2014,10,4,99.0,3
2014,10,5,85.0,3
2014,10,6,89.0,3
2014,10,7,95.0,3
2014,10,8,92.0,3
2014,10,9,108.0,4
2014,10,10,92.0,3
2014,10,11,100.0,4
2014,10,12,86.0,3
2014,10,13,92.0,3
2014,10,14,103.0,4
2014,10,15,104.0,4
2014,10,16,85.0,3
2014,10,17,118.0,4
2014,10,18,98.0,3
2014,10,19,91.0,3
2014,10,20,96.0,3
2014,10,21,90.0,3
2014,10,22,92.0,3
2014,10,23,75.0,3
2014,10,24,95.0,3
2014,10,25,103.0,4
2014,10,26,126.0,5
2014,10,27,86.0,3
2014,10,28,97.0,3
2014,10,29,92.0,3
2014,10,30,77.0,3
2014,10,31,120.0,4
2014,11,1,110.0,4
2014,11,2,100.0,4
2014,11,3,93.0,3
2014,11,4,74.0,2
2014,11,5,90.0,3
2014,11,6,102.0,4
2014,11,7,89.0,3
2014,11,8,91.0,3
2014,11,9,89.0,3
2014,11,10,99.0,3
2014,11,11,85.0,3
2014,11,12,92.0,3
2014,11,13,81.0,3
2014,11,14,92.0,3
2014,11,15,115.0,4
2014,11,16,95.0,3
2014,11,17,81.0,3
2014,11,18,83.0,3
2014,11,19,74.0,2
2014,11,20,89.0,3
2014,11,21,73.0,2
2014,11,22,90.0,3
2014,11,23,77.0,3
2014,11,24,91.0,3
2014,11,25,69.0,2
2014,11,26,88.0,3
2014,11,27,81.0,3
2014,11,28,82.0,3
2014,11,29,83.0,3
2014,11,30,77.0,3
2014,12,1,103.0,4
2014,12,2,72.0,2
2014,12,3,82.0,3
2014,12,4,81.0,3
2014,12,5,97.0,3
2014,12,6,100.0,4
2014,12,7,71.0,2
2014,12,8,88.0,3
2014,12,9,89.0,3
2014,12,10,88.0,3
2014,12,11,87.0,3
2014,12,12,88.0,3
2014,12,13,83.0,3
2014,12,14,80.0,3
2014,12,15,79.0,3
2014,12,16,115.0,4
2014,12,17,81.0,3
2014,12,18,57.0,2
2014,12,19,91.0,3
2014,12,20,83.0,3
2014,12,21,70.0,2
2014,12,22,81.0,3
2014,12,23,82.0,3
2014,12,24,80.0,3
2014,12,25,67.0,2
2014,12,26,63.0,2
2014,12,27,103.0,4
2014,12,28,89.0,3
2014,12,29,73.0,2
2014,12,30,61.0,2
2014,12,31,75.0,3
2015,1,1,86.0,3
2015,1,2,81.0,3
2015,1,3,101.0,4
2015,1,4,65.0,2
2015,1,5,82.0,3
2015,1,6,89.0,3
2015,1,7,90.0,3
2015,1,8,90.0,3
2015,1,9,92.0,3
2015,1,10,77.0,3
2015,1,11,93.0,3
2015,1,12,80.0,3
2015,1,13,80.0,3
2015,1,14,90.0,3
2015,1,15,95.0,3
2015,1,16,122.0,4
2015,1,17,104.0,4
2015,1,18,81.0,3
2015,1,19,93.0,3
2015,1,20,91.0,3
2015,1,21,59.0,2
2015,1,22,83.0,3
2015,1,23,84.0,3
2015,1,24,85.0,3
2015,1,25,81.0,3
2015,1,26,67.0,2
2015,1,27,71.0,2
2015,1,28,61.0,2
2015,1,29,77.0,3
2015,1,30,121.0,4
2015,1,31,107.0,4
2015,2,1,92.0,3
2015,2,2,83.0,3
2015,2,3,75.0,3
2015,2,4,85.0,3
2015,2,5,85.0,3
2015,2,6,102.0,4
2015,2,7,84.0,3
2015,2,8,83.0,3
2015,2,9,85.0,3
2015,2,10,78.0,3
2015,2,11,78.0,3
2015,2,12,98.0,3
2015,2,13,125.0,5
2015,2,14,110.0,4
2015,2,15,78.0,3
2015,2,16,87.0,3
2015,2,17,63.0,2
2015,2,18,71.0,2
2015,2,19,69.0,2
2015,2,20,69.0,2
2015,2,21,90.0,3
2015,2,22,68.0,2
2015,2,23,70.0,2
2015,2,24,75.0,3
2015,2,25,81.0,3
2015,2,26,72.0,2
2015,2,27,89.0,3
2015,2,28,83.0,3
2015,3,1,82.0,3
2015,3,2,68.0,2
2015,3,3,70.0,2
2015,3,4,58.0,2
2015,3,5,71.0,2
2015,3,6,99.0,3
2015,3,7,83.0,3
2015,3,8,90.0,3
2015,3,9,72.0,2
2015,3,10,88.0,3
2015,3,11,85.0,3
2015,3,12,91.0,3
2015,3,13,75.0,3
2015,3,14,77.0,3
2015,3,15,71.0,2
2015,3,16,85.0,3
2015,3,17,92.0,3
2015,3,18,84.0,3
2015,3,19,83.0,3
2015,3,20,84.0,3
2015,3,21,102.0,4
2015,3,22,69.0,2
2015,3,23,70.0,2
2015,3,24,70.0,2
2015,3,25,78.0,3
2015,3,26,71.0,2
2015,3,27,81.0,3
2015,3,28,87.0,3
2015,3,29,78.0,3
2015,3,30,58.0,2
2015,3,31,68.0,2
2015,4,1,90.0,3
2015,4,2,71.0,2
2015,4,3,86.0,3
2015,4,4,71.0,2
2015,4,5,82.0,3
2015,4,6,74.0,2
2015,4,7,98.0,3
2015,4,8,85.0,3
2015,4,9,76.0,3
2015,4,10,86.0,3
2015,4,11,112.0,4
2015,4,12,100.0,4
2015,4,13,81.0,3
2015,4,14,104.0,4
2015,4,15,94.0,3
2015,4,16,79.0,3
2015,4,17,108.0,4
2015,4,18,105.0,4
2015,4,19,70.0,2
2015,4,20,70.0,2
2015,4,21,89.0,3
2015,4,22,53.0,2
2015,4,23,68.0,2
2015,4,24,70.0,2
2015,4,25,85.0,3
2015,4,26,75.0,3
2015,4,27,74.0,2
2015,4,28,74.0,2
2015,4,29,90.0,3
2015,4,30,95.0,3
2015,5,1,116.0,4
2015,5,2,81.0,3
2015,5,3,86.0,3
2015,5,4,89.0,3
2015,5,5,83.0,3
2015,5,6,83.0,3
2015,5,7,81.0,3
2015,5,8,98.0,3
2015,5,9,78.0,3
2015,5,10,91.0,3
2015,5,11,97.0,3
2015,5,12,91.0,3
2015,5,13,95.0,3
2015,5,14,94.0,3
2015,5,15,108.0,4
2015,5,16,92.0,3
2015,5,17,104.0,4
2015,5,18,99.0,3
2015,5,19,75.0,3
2015,5,20,91.0,3
2015,5,21,97.0,3
2015,5,22,91.0,3
2015,5,23,101.0,4
2015,5,24,106.0,4
2015,5,25,87.0,3
2015,5,26,84.0,3
2015,5,27,83.0,3
2015,5,28,85.0,3
2015,5,29,78.0,3
2015,5,30,94.0,3
2015,5,31,101.0,4
2015,6,1,100.0,4
2015,6,2,91.0,3
2015,6,3,91.0,3
2015,6,4,86.0,3
2015,6,5,96.0,3
2015,6,6,106.0,4
2015,6,7,100.0,4
2015,6,8,98.0,3
2015,6,9,94.0,3
2015,6,10,87.0,3
2015,6,11,87.0,3
2015,6,12,115.0,4
2015,6,13,96.0,3
2015,6,14,105.0,4
2015,6,15,83.0,3
2015,6,16,107.0,4
2015,6,17,97.0,3
2015,6,18,117.0,4
2015,6,19,95.0,3
2015,6,20,96.0,3
2015,6,21,97.0,3
2015,6,22,108.0,4
2015,6,23,79.0,3
2015,6,24,81.0,3
2015,6,25,88.0,3
2015,6,26,88.0,3
2015,6,27,101.0,4
2015,6,28,99.0,3
2015,6,29,84.0,3
2015,6,30,87.0,3
2015,7,1,102.0,4
2015,7,2,97.0,3
2015,7,3,98.0,3
2015,7,4,103.0,4
2015,7,5,112.0,4
2015,7,6,96.0,3
2015,7,7,109.0,4
2015,7,8,104.0,4
2015,7,9,90.0,3
2015,7,10,99.0,3
2015,7,11,122.0,4
2015,7,12,102.0,4
2015,7,13,106.0,4
2015,7,14,86.0,3
2015,7,15,113.0,4
2015,7,16,121.0,4
2015,7,17,106.0,4
2015,7,18,106.0,4
2015,7,19,92.0,3
2015,7,20,109.0,4
2015,7,21,115.0,4
2015,7,22,104.0,4
2015,7,23,126.0,5
2015,7,24,110.0,4
2015,7,25,122.0,4
2015,7,26,122.0,4
2015,7,27,110.0,4
2015,7,28,93.0,3
2015,7,29,89.0,3
2015,7,30,73.0,2
2015,7,31,87.0,3
2015,8,1,91.0,3
2015,8,2,111.0,4
2015,8,3,102.0,4
2015,8,4,112.0,4
2015,8,5,102.0,4
2015,8,6,119.0,4
2015,8,7,96.0,3
2015,8,8,97.0,3
2015,8,9,71.0,2
2015,8,10,100.0,4
2015,8,11,122.0,4
2015,8,12,98.0,3
2015,8,13,85.0,3
2015,8,14,103.0,4
2015,8,15,100.0,4
2015,8,16,95.0,3
2015,8,17,111.0,4
2015,8,18,107.0,4
2015,8,19,72.0,2
2015,8,20,93.0,3
2015,8,21,106.0,4
2015,8,22,101.0,4
2015,8,23,93.0,3
2015,8,24,99.0,3
2015,8,25,89.0,3
2015,8,26,79.0,3
2015,8,27,65.0,2
2015,8,28,85.0,3
2015,8,29,83.0,3
2015,8,30,93.0,3
2015,8,31,57.0,2
2015,9,1,92.0,3
2015,9,2,84.0,3
2015,9,3,103.0,4
2015,9,4,90.0,3
2015,9,5,103.0,4
2015,9,6,81.0,3
2015,9,7,104.0,4
2015,9,8,79.0,3
2015,9,9,75.0,3
2015,9,10,95.0,3
2015,9,11,119.0,4
2015,9,12,126.0,5
2015,9,13,87.0,3
2015,9,14,100.0,4
2015,9,15,80.0,3
2015,9,16,99.0,3
2015,9,17,94.0,3
2015,9,18,119.0,4
2015,9,19,69.0,2
2015,9,20,101.0,4
2015,9,21,108.0,4
2015,9,22,113.0,4
2015,9,23,91.0,3
2015,9,24,84.0,3
2015,9,25,94.0,3
2015,9,26,98.0,3
2015,9,27,99.0,3
2015,9,28,100.0,4
2015,9,29,83.0,3
2015,9,30,106.0,4
2015,10,1,97.0,3
2015,10,2,105.0,4
2015,10,3,95.0,3
2015,10,4,87.0,3
2015,10,5,89.0,3
2015,10,6,96.0,3
2015,10,7,110.0,4
2015,10,8,103.0,4
2015,10,9,110.0,4
2015,10,10,106.0,4
2015,10,11,105.0,4
2015,10,12,80.0,3
2015,10,13,84.0,3
2015,10,14,105.0,4
2015,10,15,107.0,4
2015,10,16,131.0,5
2015,10,17,121.0,4
2015,10,18,111.0,4
2015,10,19,101.0,4
2015,10,20,109.0,4
2015,10,21,79.0,3
2015,10,22,74.0,2
2015,10,23,99.0,3
2015,10,24,126.0,5
2015,10,25,99.0,3
2015,10,26,102.0,4
2015,10,27,114.0,4
2015,10,28,99.0,3
2015,10,29,105.0,4
2015,10,30,144.0,5
2015,10,31,123.0,4
2015,11,1,133.0,5
2015,11,2,104.0,4
2015,11,3,99.0,3
2015,11,4,97.0,3
2015,11,5,120.0,4
2015,11,6,110.0,4
2015,11,7,119.0,4
2015,11,8,109.0,4
2015,11,9,109.0,4
2015,11,10,116.0,4
2015,11,11,128.0,5
2015,11,12,113.0,4
2015,11,13,126.0,5
2015,11,14,110.0,4
2015,11,15,110.0,4
2015,11,16,133.0,5
2015,11,17,113.0,4
2015,11,18,68.0,2
2015,11,19,76.0,3
2015,11,20,93.0,3
2015,11,21,107.0,4
2015,11,22,101.0,4
2015,11,23,113.0,4
2015,11,24,103.0,4
2015,11,25,117.0,4
2015,11,26,98.0,3
2015,11,27,106.0,4
2015,11,28,116.0,4
2015,11,29,110.0,4
2015,11,30,111.0,4
2015,12,1,122.0,4
2015,12,2,112.0,4
2015,12,3,99.0,3
2015,12,4,128.0,5
2015,12,5,126.0,5
2015,12,6,113.0,4
2015,12,7,102.0,4
2015,12,8,99.0,3
2015,12,9,108.0,4
2015,12,10,133.0,5
2015,12,11,143.0,5
2015,12,12,105.0,4
2015,12,13,100.0,4
2015,12,14,115.0,4
2015,12,15,114.0,4
2015,12,16,79.0,3
2015,12,17,63.0,2
2015,12,18,109.0,4
2015,12,19,100.0,4
2015,12,20,86.0,3
2015,12,21,84.0,3
2015,12,22,107.0,4
2015,12,23,116.0,4
2015,12,24,83.0,3
2015,12,25,50.0,2
2015,12,26,85.0,3
2015,12,27,91.0,3
2015,12,28,100.0,4
2015,12,29,95.0,3
2015,12,30,91.0,3
2015,12,31,90.0,3
2016,1,1,133.0,5
2016,1,2,86.0,3
2016,1,3,104.0,4
2016,1,4,123.0,4
2016,1,5,102.0,4
2016,1,6,85.0,3
2016,1,7,109.0,4
2016,1,8,123.0,4
2016,1,9,117.0,4
2016,1,10,99.0,3
2016,1,11,116.0,4
2016,1,12,115.0,4
2016,1,13,144.0,5
2016,1,14,116.0,4
2016,1,15,151.0,6
2016,1,16,152.0,6
2016,1,17,117.0,4
2016,1,18,109.0,4
2016,1,19,115.0,4
2016,1,20,83.0,3
2016,1,21,78.0,3
2016,1,22,92.0,3
2016,1,23,98.0,3
2016,1,24,95.0,3
2016,1,25,105.0,4
2016,1,26,85.0,3
2016,1,27,108.0,4
2016,1,28,103.0,4
2016,1,29,107.0,4
2016,1,30,101.0,4
2016,1,31,89.0,3
2016,2,1,102.0,4
2016,2,2,109.0,4
2016,2,3,111.0,4
2016,2,4,114.0,4
2016,2,5,128.0,5
2016,2,6,109.0,4
2016,2,7,95.0,3
2016,2,8,80.0,3
2016,2,9,112.0,4
2016,2,10,85.0,3
2016,2,11,100.0,4
2016,2,12,119.0,4
2016,2,13,141.0,5
2016,2,14,98.0,3
2016,2,15,117.0,4
2016,2,16,87.0,3
2016,2,17,66.0,2
2016,2,18,86.0,3
2016,2,19,94.0,3
2016,2,20,95.0,3
2016,2,21,82.0,3
2016,2,22,84.0,3
2016,2,23,92.0,3
2016,2,24,98.0,3
2016,2,25,90.0,3
2016,2,26,100.0,4
2016,2,27,93.0,3
2016,2,28,85.0,3
2016,2,29,92.0,3
2016,3,1,98.0,3
2016,3,2,86.0,3
2016,3,3,101.0,4
2016,3,4,129.0,5
2016,3,5,109.0,4
2016,3,6,105.0,4
2016,3,7,110.0,4
2016,3,8,115.0,4
2016,3,9,84.0,3
2016,3,10,107.0,4
2016,3,11,108.0,4
2016,3,12,132.0,5
2016,3,13,88.0,3
2016,3,14,93.0,3
2016,3,15,102.0,4
2016,3,16,79.0,3
2016,3,17,121.0,4
2016,3,18,153.0,6
2016,3,19,147.0,5
2016,3,20,94.0,3
2016,3,21,125.0,5
2016,3,22,113.0,4
2016,3,23,77.0,3
2016,3,24,71.0,2
2016,3,25,88.0,3
2016,3,26,107.0,4
2016,3,27,100.0,4
2016,3,28,109.0,4
2016,3,29,98.0,3
2016,3,30,92.0,3
2016,3,31,86.0,3
2016,4,1,106.0,4
2016,4,2,117.0,4
2016,4,3,101.0,4
2016,4,4,103.0,4
2016,4,5,78.0,3
2016,4,6,108.0,4
2016,4,7,107.0,4
2016,4,8,129.0,5
2016,4,9,124.0,4
2016,4,10,107.0,4
2016,4,11,103.0,4
2016,4,12,127.0,5
2016,4,13,99.0,3
2016,4,14,107.0,4
2016,4,15,116.0,4
2016,4,16,105.0,4
2016,4,17,106.0,4
2016,4,18,121.0,4
2016,4,19,91.0,3
2016,4,20,76.0,3
2016,4,21,79.0,3
2016,4,22,96.0,3
2016,4,23,83.0,3
2016,4,24,98.0,3
2016,4,25,78.0,3
2016,4,26,90.0,3
2016,4,27,113.0,4
2016,4,28,98.0,3
2016,4,29,109.0,4
2016,4,30,116.0,4
2016,5,1,116.0,4
2016,5,2,100.0,4
2016,5,3,99.0,3
2016,5,4,84.0,3
2016,5,5,116.0,4
2016,5,6,131.0,5
2016,5,7,120.0,4
2016,5,8,102.0,4
2016,5,9,103.0,4
2016,5,10,108.0,4
2016,5,11,106.0,4
2016,5,12,121.0,4
2016,5,13,122.0,4
2016,5,14,131.0,5
2016,5,15,124.0,4
2016,5,16,100.0,4
2016,5,17,143.0,5
2016,5,18,149.0,5
2016,5,19,121.0,4
2016,5,20,125.0,5
2016,5,21,139.0,5
2016,5,22,114.0,4
2016,5,23,133.0,5
2016,5,24,105.0,4
2016,5,25,86.0,3
2016,5,26,82.0,3
2016,5,27,112.0,4
2016,5,28,92.0,3
2016,5,29,126.0,5
2016,5,30,78.0,3
2016,5,31,107.0,4
2016,6,1,134.0,5
2016,6,2,106.0,4
2016,6,3,117.0,4
2016,6,4,104.0,4
2016,6,5,107.0,4
2016,6,6,100.0,4
2016,6,7,125.0,5
2016,6,8,121.0,4
2016,6,9,119.0,4
2016,6,10,129.0,5
2016,6,11,122.0,4
2016,6,12,124.0,4
2016,6,13,126.0,5
2016,6,14,124.0,4
2016,6,15,114.0,4
2016,6,16,101.0,4
2016,6,17,132.0,5
2016,6,18,123.0,4
2016,6,19,136.0,5
2016,6,20,102.0,4
2016,6,21,103.0,4
2016,6,22,69.0,2
2016,6,23,79.0,3
2016,6,24,112.0,4
2016,6,25,95.0,3
2016,6,26,110.0,4
2016,6,27,100.0,4
2016,6,28,112.0,4
2016,6,29,120.0,4
2016,6,30,111.0,4
2016,7,1,152.0,6
2016,7,2,125.0,5
2016,7,3,122.0,4
2016,7,4,127.0,5
2016,7,5,117.0,4
2016,7,6,116.0,4
2016,7,7,109.0,4
2016,7,8,124.0,4
2016,7,9,108.0,4
2016,7,10,106.0,4
2016,7,11,94.0,3
2016,7,12,120.0,4
2016,7,13,123.0,4
2016,7,14,123.0,4
2016,7,15,121.0,4
2016,7,16,112.0,4
2016,7,17,98.0,3
2016,7,18,129.0,5
2016,7,19,119.0,4
2016,7,20,126.0,5
2016,7,21,108.0,4
2016,7,22,158.0,6
2016,7,23,119.0,4
2016,7,24,111.0,4
2016,7,25,111.0,4
2016,7,26,107.0,4
2016,7,27,59.0,2
2016,7,28,90.0,3
2016,7,29,80.0,3
2016,7,30,84.0,3
2016,7,31,86.0,3
2016,8,1,108.0,4
2016,8,2,105.0,4
2016,8,3,106.0,4
2016,8,4,95.0,3
2016,8,5,113.0,4
2016,8,6,106.0,4
2016,8,7,94.0,3
2016,8,8,116.0,4
2016,8,9,124.0,4
2016,8,10,106.0,4
2016,8,11,111.0,4
2016,8,12,119.0,4
2016,8,13,109.0,4
2016,8,14,103.0,4
2016,8,15,121.0,4
2016,8,16,108.0,4
2016,8,17,103.0,4
2016,8,18,106.0,4
2016,8,19,131.0,5
2016,8,20,130.0,5
2016,8,21,122.0,4
2016,8,22,112.0,4
2016,8,23,105.0,4
2016,8,24,87.0,3
2016,8,25,87.0,3
2016,8,26,89.0,3
2016,8,27,108.0,4
2016,8,28,95.0,3
2016,8,29,105.0,4
2016,8,30,107.0,4
2016,8,31,108.0,4
2016,9,1,94.0,3
2016,9,2,103.0,4
2016,9,3,99.0,3
2016,9,4,103.0,4
2016,9,5,114.0,4
2016,9,6,105.0,4
2016,9,7,93.0,3
2016,9,8,130.0,5
2016,9,9,121.0,4
2016,9,10,125.0,5
2016,9,11,128.0,5
2016,9,12,103.0,4
2016,9,13,104.0,4
2016,9,14,95.0,3
2016,9,15,114.0,4
2016,9,16,123.0,4
2016,9,17,116.0,4
2016,9,18,104.0,4
2016,9,19,85.0,3
2016,9,20,92.0,3
2016,9,21,74.0,2
2016,9,22,89.0,3
2016,9,23,101.0,4
2016,9,24,102.0,4
2016,9,25,82.0,3
2016,9,26,100.0,4
2016,9,27,90.0,3
2016,9,28,96.0,3
2016,9,29,90.0,3
2016,9,30,108.0,4
2016,10,1,112.0,4
2016,10,2,110.0,4
2016,10,3,91.0,3
2016,10,4,112.0,4
2016,10,5,102.0,4
2016,10,6,105.0,4
2016,10,7,132.0,5
2016,10,8,102.0,4
2016,10,9,83.0,3
2016,10,10,95.0,3
2016,10,11,86.0,3
2016,10,12,103.0,4
2016,10,13,110.0,4
2016,10,14,115.0,4
2016,10,15,115.0,4
2016,10,16,107.0,4
2016,10,17,105.0,4
2016,10,18,102.0,4
2016,10,19,90.0,3
2016,10,20,104.0,4
2016,10,21,123.0,4
2016,10,22,104.0,4
2016,10,23,94.0,3
2016,10,24,105.0,4
2016,10,25,84.0,3
2016,10,26,49.0,1
2016,10,27,77.0,3
2016,10,28,67.0,2
2016,10,29,106.0,4
2016,10,30,108.0,4
2016,10,31,93.0,3
2016,11,1,109.0,4
2016,11,2,85.0,3
2016,11,3,107.0,4
2016,11,4,112.0,4
2016,11,5,128.0,5
2016,11,6,113.0,4
2016,11,7,101.0,4
2016,11,8,77.0,3
2016,11,9,82.0,3
2016,11,10,124.0,4
2016,11,11,137.0,5
2016,11,12,113.0,4
2016,11,13,101.0,4
2016,11,14,92.0,3
2016,11,15,95.0,3
2016,11,16,114.0,4
2016,11,17,88.0,3
2016,11,18,109.0,4
2016,11,19,109.0,4
2016,11,20,101.0,4
2016,11,21,89.0,3
2016,11,22,68.0,2
2016,11,23,54.0,2
2016,11,24,87.0,3
2016,11,25,89.0,3
2016,11,26,81.0,3
2016,11,27,66.0,2
2016,11,28,91.0,3
2016,11,29,83.0,3
2016,11,30,77.0,3
2016,12,1,102.0,4
2016,12,2,56.0,2
2016,12,3,100.0,4
2016,12,4,98.0,3
2016,12,5,66.0,2
2016,12,6,75.0,3
2016,12,7,83.0,3
2016,12,8,78.0,3
2016,12,9,75.0,3
2016,12,10,103.0,4
2016,12,11,94.0,3
2016,12,12,96.0,3
2016,12,13,69.0,2
2016,12,14,85.0,3
2016,12,15,89.0,3
2016,12,16,98.0,3
2016,12,17,86.0,3
2016,12,18,77.0,3
2016,12,19,74.0,2
2016,12,20,71.0,2
2016,12,21,60.0,2
2016,12,22,76.0,3
2016,12,23,87.0,3
2016,12,24,83.0,3
2016,12,25,54.0,2
2016,12,26,63.0,2
2016,12,27,52.0,2
2016,12,28,79.0,3
2016,12,29,88.0,3
2016,12,30,99.0,3
2016,12,31,89.0,3
2017,1,1,81.0,3
2017,1,2,63.0,2
2017,1,3,76.0,3
2017,1,4,65.0,2
2017,1,5,63.0,2
2017,1,6,87.0,3
2017,1,7,94.0,3
2017,1,8,101.0,4
2017,1,9,102.0,4
2017,1,10,82.0,3
2017,1,11,80.0,3
2017,1,12,81.0,3
2017,1,13,91.0,3
2017,1,14,98.0,3
2017,1,15,98.0,3
2017,1,16,97.0,3
2017,1,17,83.0,3
2017,1,18,68.0,2
2017,1,19,40.0,1
2017,1,20,78.0,3
2017,1,21,73.0,2
2017,1,22,73.0,2
2017,1,23,74.0,2
2017,1,24,67.0,2
2017,1,25,61.0,2
2017,1,26,75.0,3
2017,1,27,77.0,3
2017,1,28,87.0,3
2017,1,29,82.0,3
2017,1,30,81.0,3
2017,1,31,91.0,3
2017,2,1,96.0,3
2017,2,2,83.0,3
2017,2,3,64.0,2
2017,2,4,79.0,3
2017,2,5,84.0,3
2017,2,6,82.0,3
2017,2,7,66.0,2
2017,2,8,95.0,3
2017,2,9,85.0,3
2017,2,10,89.0,3
2017,2,11,86.0,3
2017,2,12,90.0,3
2017,2,13,81.0,3
2017,2,14,105.0,4
2017,2,15,115.0,4
2017,2,16,108.0,4
2017,2,17,126.0,5
2017,2,18,98.0,3
2017,2,19,100.0,4
2017,2,20,94.0,3
2017,2,21,82.0,3
2017,2,22,55.0,2
2017,2,23,63.0,2
2017,2,24,67.0,2
2017,2,25,73.0,2
2017,2,26,79.0,3
2017,2,27,64.0,2
2017,2,28,72.0,2
2017,3,1,74.0,2
2017,3,2,79.0,3
2017,3,3,104.0,4
2017,3,4,101.0,4
2017,3,5,80.0,3
2017,3,6,104.0,4
2017,3,7,98.0,3
2017,3,8,90.0,3
2017,3,9,98.0,3
2017,3,10,106.0,4
2017,3,11,104.0,4
2017,3,12,105.0,4
2017,3,13,113.0,4
2017,3,14,121.0,4
2017,3,15,102.0,4
2017,3,16,89.0,3
2017,3,17,93.0,3
2017,3,18,103.0,4
2017,3,19,83.0,3
2017,3,20,113.0,4
2017,3,21,93.0,3
2017,3,22,61.0,2
2017,3,23,75.0,3
2017,3,24,93.0,3
2017,3,25,106.0,4
2017,3,26,90.0,3
2017,3,27,83.0,3
2017,3,28,106.0,4
2017,3,29,112.0,4
2017,3,30,100.0,4
2017,3,31,120.0,4
2017,4,1,103.0,4
2017,4,2,98.0,3
2017,4,3,76.0,3
2017,4,4,87.0,3
2017,4,5,108.0,4
2017,4,6,104.0,4
2017,4,7,111.0,4
2017,4,8,127.0,5
2017,4,9,116.0,4
2017,4,10,75.0,3
2017,4,11,103.0,4
2017,4,12,103.0,4
2017,4,13,111.0,4
2017,4,14,94.0,3
2017,4,15,92.0,3
2017,4,16,98.0,3
2017,4,17,84.0,3
2017,4,18,98.0,3
2017,4,19,100.0,4
2017,4,20,100.0,4
2017,4,21,116.0,4
2017,4,22,108.0,4
2017,4,23,102.0,4
2017,4,24,91.0,3
2017,4,25,63.0,2
2017,4,26,72.0,2
2017,4,27,74.0,2
2017,4,28,82.0,3
2017,4,29,79.0,3
2017,4,30,86.0,3
2017,5,1,73.0,2
2017,5,2,92.0,3
2017,5,3,90.0,3
2017,5,4,98.0,3
2017,5,5,101.0,4
2017,5,6,102.0,4
2017,5,7,93.0,3
2017,5,8,115.0,4
2017,5,9,102.0,4
2017,5,10,120.0,4
2017,5,11,88.0,3
2017,5,12,128.0,5
2017,5,13,123.0,4
2017,5,14,118.0,4
2017,5,15,82.0,3
2017,5,16,113.0,4
2017,5,17,109.0,4
2017,5,18,96.0,3
2017,5,19,100.0,4
2017,5,20,117.0,4
2017,5,21,93.0,3
2017,5,22,92.0,3
2017,5,23,98.0,3
2017,5,24,67.0,2
2017,5,25,63.0,2
2017,5,26,80.0,3
2017,5,27,94.0,3
2017,5,28,80.0,3
2017,5,29,91.0,3
2017,5,30,96.0,3
2017,5,31,93.0,3
2017,6,1,94.0,3
2017,6,2,91.0,3
2017,6,3,96.0,3
2017,6,4,96.0,3
2017,6,5,97.0,3
2017,6,6,101.0,4
2017,6,7,103.0,4
2017,6,8,116.0,4
2017,6,9,112.0,4
2017,6,10,96.0,3
2017,6,11,120.0,4
2017,6,12,94.0,3
2017,6,13,80.0,3
2017,6,14,104.0,4
2017,6,15,103.0,4
2017,6,16,126.0,5
2017,6,17,111.0,4
2017,6,18,104.0,4
2017,6,19,101.0,4
2017,6,20,75.0,3
2017,6,21,76.0,3
2017,6,22,76.0,3
2017,6,23,98.0,3
2017,6,24,82.0,3
2017,6,25,77.0,3
2017,6,26,73.0,2
2017,6,27,81.0,3
2017,6,28,88.0,3
2017,6,29,107.0,4
2017,6,30,113.0,4
2017,7,1,109.0,4
2017,7,2,93.0,3
2017,7,3,85.0,3
2017,7,4,99.0,3
2017,7,5,101.0,4
2017,7,6,91.0,3
2017,7,7,98.0,3
2017,7,8,103.0,4
2017,7,9,119.0,4
2017,7,10,100.0,4
2017,7,11,104.0,4
2017,7,12,96.0,3
2017,7,13,51.0,2
